date,product_id,price,quantity_sold,region,ad_spend
2023-01-01,PRO_RUN_SHOES,2500,52,National,6500.0
2023-01-01,CRICKET_JERSEY_INDIA,1200,19,National,1140.0
2023-01-02,PRO_RUN_SHOES,2500,44,National,5500.0
2023-01-02,CRICKET_JERSEY_INDIA,1200,21,National,1260.0
2023-01-03,PRO_RUN_SHOES,2500,53,National,6625.0
2023-01-03,CRICKET_JERSEY_INDIA,1200,19,National,1140.0
2023-01-04,PRO_RUN_SHOES,2500,55,National,6875.0
2023-01-04,CRICKET_JERSEY_INDIA,1200,20,National,1200.0
2023-01-05,PRO_RUN_SHOES,2500,47,National,5875.0
2023-01-05,CRICKET_JERSEY_INDIA,1200,20,National,1200.0
2023-01-06,PRO_RUN_SHOES,2500,48,National,6000.0
2023-01-06,CRICKET_JERSEY_INDIA,1200,20,National,1200.0
2023-01-07,PRO_RUN_SHOES,2500,50,National,6250.0
2023-01-07,CRICKET_JERSEY_INDIA,1200,19,National,1140.0
2023-01-08,PRO_RUN_SHOES,2500,47,National,5875.0
2023-01-08,CRICKET_JERSEY_INDIA,1200,20,National,1200.0
2023-01-09,PRO_RUN_SHOES,2500,45,National,5625.0
2023-01-09,CRICKET_JERSEY_INDIA,1200,19,National,1140.0
2023-01-10,PRO_RUN_SHOES,2500,50,National,6250.0
2023-01-10,CRICKET_JERSEY_INDIA,1200,20,National,1200.0
2023-01-11,PRO_RUN_SHOES,2500,47,National,5875.0
2023-01-11,CRICKET_JERSEY_INDIA,1200,19,National,1140.0
2023-01-12,PRO_RUN_SHOES,2500,50,National,6250.0
2023-01-12,CRICKET_JERSEY_INDIA,1200,20,National,1200.0
2023-01-13,PRO_RUN_SHOES,2500,54,National,6750.0
2023-01-13,CRICKET_JERSEY_INDIA,1200,20,National,1200.0
2023-01-14,PRO_RUN_SHOES,2500,52,National,6500.0
2023-01-14,CRICKET_JERSEY_INDIA,1200,17,National,1020.0
2023-01-15,PRO_RUN_SHOES,2500,53,National,6625.0
2023-01-15,CRICKET_JERSEY_INDIA,1200,18,National,1080.0
2023-01-16,PRO_RUN_SHOES,2500,44,National,5500.0
2023-01-16,CRICKET_JERSEY_INDIA,1200,22,National,1320.0
2023-01-17,PRO_RUN_SHOES,2500,50,National,6250.0
2023-01-17,CRICKET_JERSEY_INDIA,1200,20,National,1200.0
2023-01-18,PRO_RUN_SHOES,2500,52,National,6500.0
2023-01-18,CRICKET_JERSEY_INDIA,1200,18,National,1080.0
2023-01-19,PRO_RUN_SHOES,2500,52,National,6500.0
2023-01-19,CRICKET_JERSEY_INDIA,1200,19,National,1140.0
2023-01-20,PRO_RUN_SHOES,2500,48,National,6000.0
2023-01-20,CRICKET_JERSEY_INDIA,1200,18,National,1080.0
2023-01-21,PRO_RUN_SHOES,2500,50,National,6250.0
2023-01-21,CRICKET_JERSEY_INDIA,1200,21,National,1260.0
2023-01-22,PRO_RUN_SHOES,2500,46,National,5750.0
2023-01-22,CRICKET_JERSEY_INDIA,1200,17,National,1020.0
2023-01-23,PRO_RUN_SHOES,2500,45,National,5625.0
2023-01-23,CRICKET_JERSEY_INDIA,1200,22,National,1320.0
2023-01-24,PRO_RUN_SHOES,2500,50,National,6250.0
2023-01-24,CRICKET_JERSEY_INDIA,1200,20,National,1200.0
2023-01-25,PRO_RUN_SHOES,2500,49,National,6125.0
2023-01-25,CRICKET_JERSEY_INDIA,1200,18,National,1080.0
2023-01-26,PRO_RUN_SHOES,2500,49,National,6125.0
2023-01-26,CRICKET_JERSEY_INDIA,1200,19,National,1140.0
2023-01-27,PRO_RUN_SHOES,2500,49,National,6125.0
2023-01-27,CRICKET_JERSEY_INDIA,1200,19,National,1140.0
2023-01-28,PRO_RUN_SHOES,2500,52,National,6500.0
2023-01-28,CRICKET_JERSEY_INDIA,1200,20,National,1200.0
2023-01-29,PRO_RUN_SHOES,2500,48,National,6000.0
2023-01-29,CRICKET_JERSEY_INDIA,1200,21,National,1260.0
2023-01-30,PRO_RUN_SHOES,2500,49,National,6125.0
2023-01-30,CRICKET_JERSEY_INDIA,1200,19,National,1140.0
2023-01-31,PRO_RUN_SHOES,2500,46,National,5750.0
2023-01-31,CRICKET_JERSEY_INDIA,1200,19,National,1140.0
2023-02-01,PRO_RUN_SHOES,2500,48,National,6000.0
2023-02-01,CRICKET_JERSEY_INDIA,1200,20,National,1200.0
2023-02-02,PRO_RUN_SHOES,2500,50,National,6250.0
2023-02-02,CRICKET_JERSEY_INDIA,1200,19,National,1140.0
2023-02-03,PRO_RUN_SHOES,2500,47,National,5875.0
2023-02-03,CRICKET_JERSEY_INDIA,1200,21,National,1260.0
2023-02-04,PRO_RUN_SHOES,2500,46,National,5750.0
2023-02-04,CRICKET_JERSEY_INDIA,1200,19,National,1140.0
2023-02-05,PRO_RUN_SHOES,2500,49,National,6125.0
2023-02-05,CRICKET_JERSEY_INDIA,1200,19,National,1140.0
2023-02-06,PRO_RUN_SHOES,2500,50,National,6250.0
2023-02-06,CRICKET_JERSEY_INDIA,1200,19,National,1140.0
2023-02-07,PRO_RUN_SHOES,2500,50,National,6250.0
2023-02-07,CRICKET_JERSEY_INDIA,1200,21,National,1260.0
2023-02-08,PRO_RUN_SHOES,2500,51,National,6375.0
2023-02-08,CRICKET_JERSEY_INDIA,1200,20,National,1200.0
2023-02-09,PRO_RUN_SHOES,2500,52,National,6500.0
2023-02-09,CRICKET_JERSEY_INDIA,1200,20,National,1200.0
2023-02-10,PRO_RUN_SHOES,2500,49,National,6125.0
2023-02-10,CRICKET_JERSEY_INDIA,1200,19,National,1140.0
2023-02-11,PRO_RUN_SHOES,2500,47,National,5875.0
2023-02-11,CRICKET_JERSEY_INDIA,1200,18,National,1080.0
2023-02-12,PRO_RUN_SHOES,2500,46,National,5750.0
2023-02-12,CRICKET_JERSEY_INDIA,1200,18,National,1080.0
2023-02-13,PRO_RUN_SHOES,2500,49,National,6125.0
2023-02-13,CRICKET_JERSEY_INDIA,1200,19,National,1140.0
2023-02-14,PRO_RUN_SHOES,2500,51,National,6375.0
2023-02-14,CRICKET_JERSEY_INDIA,1200,20,National,1200.0
2023-02-15,PRO_RUN_SHOES,2500,54,National,6750.0
2023-02-15,CRICKET_JERSEY_INDIA,1200,19,National,1140.0
2023-02-16,PRO_RUN_SHOES,2500,48,National,6000.0
2023-02-16,CRICKET_JERSEY_INDIA,1200,20,National,1200.0
2023-02-17,PRO_RUN_SHOES,2500,47,National,5875.0
2023-02-17,CRICKET_JERSEY_INDIA,1200,19,National,1140.0
2023-02-18,PRO_RUN_SHOES,2500,54,National,6750.0
2023-02-18,CRICKET_JERSEY_INDIA,1200,19,National,1140.0
2023-02-19,PRO_RUN_SHOES,2500,50,National,6250.0
2023-02-19,CRICKET_JERSEY_INDIA,1200,20,National,1200.0
2023-02-20,PRO_RUN_SHOES,2500,50,National,6250.0
2023-02-20,CRICKET_JERSEY_INDIA,1200,19,National,1140.0
2023-02-21,PRO_RUN_SHOES,2500,48,National,6000.0
2023-02-21,CRICKET_JERSEY_INDIA,1200,22,National,1320.0
2023-02-22,PRO_RUN_SHOES,2500,56,National,7000.0
2023-02-22,CRICKET_JERSEY_INDIA,1200,20,National,1200.0
2023-02-23,PRO_RUN_SHOES,2500,50,National,6250.0
2023-02-23,CRICKET_JERSEY_INDIA,1200,19,National,1140.0
2023-02-24,PRO_RUN_SHOES,2500,48,National,6000.0
2023-02-24,CRICKET_JERSEY_INDIA,1200,20,National,1200.0
2023-02-25,PRO_RUN_SHOES,2500,51,National,6375.0
2023-02-25,CRICKET_JERSEY_INDIA,1200,20,National,1200.0
2023-02-26,PRO_RUN_SHOES,2500,49,National,6125.0
2023-02-26,CRICKET_JERSEY_INDIA,1200,20,National,1200.0
2023-02-27,PRO_RUN_SHOES,2500,52,National,6500.0
2023-02-27,CRICKET_JERSEY_INDIA,1200,20,National,1200.0
2023-02-28,PRO_RUN_SHOES,2500,54,National,6750.0
2023-02-28,CRICKET_JERSEY_INDIA,1200,20,National,1200.0
2023-03-01,PRO_RUN_SHOES,2500,47,National,5875.0
2023-03-01,CRICKET_JERSEY_INDIA,1200,19,National,1140.0
2023-03-02,PRO_RUN_SHOES,2500,53,National,6625.0
2023-03-02,CRICKET_JERSEY_INDIA,1200,19,National,1140.0
2023-03-03,PRO_RUN_SHOES,2500,46,National,5750.0
2023-03-03,CRICKET_JERSEY_INDIA,1200,20,National,1200.0
2023-03-04,PRO_RUN_SHOES,2500,47,National,5875.0
2023-03-04,CRICKET_JERSEY_INDIA,1200,20,National,1200.0
2023-03-05,PRO_RUN_SHOES,2500,51,National,6375.0
2023-03-05,CRICKET_JERSEY_INDIA,1200,20,National,1200.0
2023-03-06,PRO_RUN_SHOES,2500,49,National,6125.0
2023-03-06,CRICKET_JERSEY_INDIA,1200,20,National,1200.0
2023-03-07,PRO_RUN_SHOES,2500,48,National,6000.0
2023-03-07,CRICKET_JERSEY_INDIA,1200,20,National,1200.0
2023-03-08,PRO_RUN_SHOES,2500,49,National,6125.0
2023-03-08,CRICKET_JERSEY_INDIA,1200,20,National,1200.0
2023-03-09,PRO_RUN_SHOES,2500,49,National,6125.0
2023-03-09,CRICKET_JERSEY_INDIA,1200,20,National,1200.0
2023-03-10,PRO_RUN_SHOES,2500,51,National,6375.0
2023-03-10,CRICKET_JERSEY_INDIA,1200,20,National,1200.0
2023-03-11,PRO_RUN_SHOES,2500,50,National,6250.0
2023-03-11,CRICKET_JERSEY_INDIA,1200,19,National,1140.0
2023-03-12,PRO_RUN_SHOES,2500,49,National,6125.0
2023-03-12,CRICKET_JERSEY_INDIA,1200,18,National,1080.0
2023-03-13,PRO_RUN_SHOES,2500,51,National,6375.0
2023-03-13,CRICKET_JERSEY_INDIA,1200,19,National,1140.0
2023-03-14,PRO_RUN_SHOES,2500,47,National,5875.0
2023-03-14,CRICKET_JERSEY_INDIA,1200,21,National,1260.0
2023-03-15,PRO_RUN_SHOES,2500,51,National,6375.0
2023-03-15,CRICKET_JERSEY_INDIA,1200,19,National,1140.0
2023-03-16,PRO_RUN_SHOES,2500,48,National,6000.0
2023-03-16,CRICKET_JERSEY_INDIA,1200,19,National,1140.0
2023-03-17,PRO_RUN_SHOES,2500,47,National,5875.0
2023-03-17,CRICKET_JERSEY_INDIA,1200,20,National,1200.0
2023-03-18,PRO_RUN_SHOES,2500,47,National,5875.0
2023-03-18,CRICKET_JERSEY_INDIA,1200,20,National,1200.0
2023-03-19,PRO_RUN_SHOES,2500,51,National,6375.0
2023-03-19,CRICKET_JERSEY_INDIA,1200,21,National,1260.0
2023-03-20,PRO_RUN_SHOES,2500,51,National,6375.0
2023-03-20,CRICKET_JERSEY_INDIA,1200,19,National,1140.0
2023-03-21,PRO_RUN_SHOES,2500,48,National,6000.0
2023-03-21,CRICKET_JERSEY_INDIA,1200,19,National,1140.0
2023-03-22,PRO_RUN_SHOES,2500,48,National,6000.0
2023-03-22,CRICKET_JERSEY_INDIA,1200,19,National,1140.0
2023-03-23,PRO_RUN_SHOES,2500,43,National,5375.0
2023-03-23,CRICKET_JERSEY_INDIA,1200,21,National,1260.0
2023-03-24,PRO_RUN_SHOES,2500,46,National,5750.0
2023-03-24,CRICKET_JERSEY_INDIA,1200,20,National,1200.0
2023-03-25,PRO_RUN_SHOES,2500,54,National,6750.0
2023-03-25,CRICKET_JERSEY_INDIA,1200,17,National,1020.0
2023-03-26,PRO_RUN_SHOES,2500,49,National,6125.0
2023-03-26,CRICKET_JERSEY_INDIA,1200,20,National,1200.0
2023-03-27,PRO_RUN_SHOES,2500,50,National,6250.0
2023-03-27,CRICKET_JERSEY_INDIA,1200,20,National,1200.0
2023-03-28,PRO_RUN_SHOES,2500,55,National,6875.0
2023-03-28,CRICKET_JERSEY_INDIA,1200,19,National,1140.0
2023-03-29,PRO_RUN_SHOES,2500,53,National,6625.0
2023-03-29,CRICKET_JERSEY_INDIA,1200,19,National,1140.0
2023-03-30,PRO_RUN_SHOES,2500,50,National,6250.0
2023-03-30,CRICKET_JERSEY_INDIA,1200,18,National,1080.0
2023-03-31,PRO_RUN_SHOES,2500,80,National,10000.0
2023-03-31,CRICKET_JERSEY_INDIA,1200,60,National,3600.0
2023-04-01,PRO_RUN_SHOES,2500,72,National,9000.0
2023-04-01,CRICKET_JERSEY_INDIA,1200,63,National,3780.0
2023-04-02,PRO_RUN_SHOES,2500,76,National,9500.0
2023-04-02,CRICKET_JERSEY_INDIA,1200,59,National,3540.0
2023-04-03,PRO_RUN_SHOES,2500,74,National,9250.0
2023-04-03,CRICKET_JERSEY_INDIA,1200,56,National,3360.0
2023-04-04,PRO_RUN_SHOES,2500,69,National,8625.0
2023-04-04,CRICKET_JERSEY_INDIA,1200,64,National,3840.0
2023-04-05,PRO_RUN_SHOES,2500,78,National,9750.0
2023-04-05,CRICKET_JERSEY_INDIA,1200,59,National,3540.0
2023-04-06,PRO_RUN_SHOES,2500,77,National,9625.0
2023-04-06,CRICKET_JERSEY_INDIA,1200,59,National,3540.0
2023-04-07,PRO_RUN_SHOES,2500,79,National,9875.0
2023-04-07,CRICKET_JERSEY_INDIA,1200,60,National,3600.0
2023-04-08,PRO_RUN_SHOES,2500,73,National,9125.0
2023-04-08,CRICKET_JERSEY_INDIA,1200,64,National,3840.0
2023-04-09,PRO_RUN_SHOES,2500,73,National,9125.0
2023-04-09,CRICKET_JERSEY_INDIA,1200,63,National,3780.0
2023-04-10,PRO_RUN_SHOES,2500,71,National,8875.0
2023-04-10,CRICKET_JERSEY_INDIA,1200,55,National,3300.0
2023-04-11,PRO_RUN_SHOES,2500,66,National,8250.0
2023-04-11,CRICKET_JERSEY_INDIA,1200,66,National,3960.0
2023-04-12,PRO_RUN_SHOES,2500,74,National,9250.0
2023-04-12,CRICKET_JERSEY_INDIA,1200,63,National,3780.0
2023-04-13,PRO_RUN_SHOES,2500,72,National,9000.0
2023-04-13,CRICKET_JERSEY_INDIA,1200,57,National,3420.0
2023-04-14,PRO_RUN_SHOES,2500,73,National,9125.0
2023-04-14,CRICKET_JERSEY_INDIA,1200,62,National,3720.0
2023-04-15,PRO_RUN_SHOES,2500,78,National,9750.0
2023-04-15,CRICKET_JERSEY_INDIA,1200,59,National,3540.0
2023-04-16,PRO_RUN_SHOES,2500,77,National,9625.0
2023-04-16,CRICKET_JERSEY_INDIA,1200,60,National,3600.0
2023-04-17,PRO_RUN_SHOES,2500,77,National,9625.0
2023-04-17,CRICKET_JERSEY_INDIA,1200,54,National,3240.0
2023-04-18,PRO_RUN_SHOES,2500,78,National,9750.0
2023-04-18,CRICKET_JERSEY_INDIA,1200,60,National,3600.0
2023-04-19,PRO_RUN_SHOES,2500,72,National,9000.0
2023-04-19,CRICKET_JERSEY_INDIA,1200,61,National,3660.0
2023-04-20,PRO_RUN_SHOES,2500,76,National,9500.0
2023-04-20,CRICKET_JERSEY_INDIA,1200,61,National,3660.0
2023-04-21,PRO_RUN_SHOES,2500,80,National,10000.0
2023-04-21,CRICKET_JERSEY_INDIA,1200,60,National,3600.0
2023-04-22,PRO_RUN_SHOES,2500,74,National,9250.0
2023-04-22,CRICKET_JERSEY_INDIA,1200,62,National,3720.0
2023-04-23,PRO_RUN_SHOES,2500,78,National,9750.0
2023-04-23,CRICKET_JERSEY_INDIA,1200,65,National,3900.0
2023-04-24,PRO_RUN_SHOES,2500,75,National,9375.0
2023-04-24,CRICKET_JERSEY_INDIA,1200,60,National,3600.0
2023-04-25,PRO_RUN_SHOES,2500,75,National,9375.0
2023-04-25,CRICKET_JERSEY_INDIA,1200,58,National,3480.0
2023-04-26,PRO_RUN_SHOES,2500,73,National,9125.0
2023-04-26,CRICKET_JERSEY_INDIA,1200,61,National,3660.0
2023-04-27,PRO_RUN_SHOES,2500,73,National,9125.0
2023-04-27,CRICKET_JERSEY_INDIA,1200,58,National,3480.0
2023-04-28,PRO_RUN_SHOES,2500,71,National,8875.0
2023-04-28,CRICKET_JERSEY_INDIA,1200,59,National,3540.0
2023-04-29,PRO_RUN_SHOES,2500,74,National,9250.0
2023-04-29,CRICKET_JERSEY_INDIA,1200,56,National,3360.0
2023-04-30,PRO_RUN_SHOES,2500,74,National,9250.0
2023-04-30,CRICKET_JERSEY_INDIA,1200,54,National,3240.0
2023-05-01,PRO_RUN_SHOES,2500,72,National,9000.0
2023-05-01,CRICKET_JERSEY_INDIA,1200,64,National,3840.0
2023-05-02,PRO_RUN_SHOES,2500,82,National,10250.0
2023-05-02,CRICKET_JERSEY_INDIA,1200,63,National,3780.0
2023-05-03,PRO_RUN_SHOES,2500,70,National,8750.0
2023-05-03,CRICKET_JERSEY_INDIA,1200,60,National,3600.0
2023-05-04,PRO_RUN_SHOES,2500,72,National,9000.0
2023-05-04,CRICKET_JERSEY_INDIA,1200,58,National,3480.0
2023-05-05,PRO_RUN_SHOES,2500,73,National,9125.0
2023-05-05,CRICKET_JERSEY_INDIA,1200,63,National,3780.0
2023-05-06,PRO_RUN_SHOES,2500,77,National,9625.0
2023-05-06,CRICKET_JERSEY_INDIA,1200,60,National,3600.0
2023-05-07,PRO_RUN_SHOES,2500,70,National,8750.0
2023-05-07,CRICKET_JERSEY_INDIA,1200,58,National,3480.0
2023-05-08,PRO_RUN_SHOES,2500,70,National,8750.0
2023-05-08,CRICKET_JERSEY_INDIA,1200,61,National,3660.0
2023-05-09,PRO_RUN_SHOES,2500,73,National,9125.0
2023-05-09,CRICKET_JERSEY_INDIA,1200,63,National,3780.0
2023-05-10,PRO_RUN_SHOES,2500,71,National,8875.0
2023-05-10,CRICKET_JERSEY_INDIA,1200,59,National,3540.0
2023-05-11,PRO_RUN_SHOES,2500,71,National,8875.0
2023-05-11,CRICKET_JERSEY_INDIA,1200,61,National,3660.0
2023-05-12,PRO_RUN_SHOES,2500,70,National,8750.0
2023-05-12,CRICKET_JERSEY_INDIA,1200,58,National,3480.0
2023-05-13,PRO_RUN_SHOES,2500,77,National,9625.0
2023-05-13,CRICKET_JERSEY_INDIA,1200,55,National,3300.0
2023-05-14,PRO_RUN_SHOES,2500,80,National,10000.0
2023-05-14,CRICKET_JERSEY_INDIA,1200,61,National,3660.0
2023-05-15,PRO_RUN_SHOES,2500,69,National,8625.0
2023-05-15,CRICKET_JERSEY_INDIA,1200,52,National,3120.0
2023-05-16,PRO_RUN_SHOES,2500,76,National,9500.0
2023-05-16,CRICKET_JERSEY_INDIA,1200,60,National,3600.0
2023-05-17,PRO_RUN_SHOES,2500,74,National,9250.0
2023-05-17,CRICKET_JERSEY_INDIA,1200,62,National,3720.0
2023-05-18,PRO_RUN_SHOES,2500,77,National,9625.0
2023-05-18,CRICKET_JERSEY_INDIA,1200,58,National,3480.0
2023-05-19,PRO_RUN_SHOES,2500,71,National,8875.0
2023-05-19,CRICKET_JERSEY_INDIA,1200,58,National,3480.0
2023-05-20,PRO_RUN_SHOES,2500,72,National,9000.0
2023-05-20,CRICKET_JERSEY_INDIA,1200,63,National,3780.0
2023-05-21,PRO_RUN_SHOES,2500,77,National,9625.0
2023-05-21,CRICKET_JERSEY_INDIA,1200,59,National,3540.0
2023-05-22,PRO_RUN_SHOES,2500,81,National,10125.0
2023-05-22,CRICKET_JERSEY_INDIA,1200,59,National,3540.0
2023-05-23,PRO_RUN_SHOES,2500,68,National,8500.0
2023-05-23,CRICKET_JERSEY_INDIA,1200,58,National,3480.0
2023-05-24,PRO_RUN_SHOES,2500,74,National,9250.0
2023-05-24,CRICKET_JERSEY_INDIA,1200,65,National,3900.0
2023-05-25,PRO_RUN_SHOES,2500,78,National,9750.0
2023-05-25,CRICKET_JERSEY_INDIA,1200,58,National,3480.0
2023-05-26,PRO_RUN_SHOES,2500,76,National,9500.0
2023-05-26,CRICKET_JERSEY_INDIA,1200,64,National,3840.0
2023-05-27,PRO_RUN_SHOES,2500,77,National,9625.0
2023-05-27,CRICKET_JERSEY_INDIA,1200,59,National,3540.0
2023-05-28,PRO_RUN_SHOES,2500,79,National,9875.0
2023-05-28,CRICKET_JERSEY_INDIA,1200,58,National,3480.0
2023-05-29,PRO_RUN_SHOES,2500,75,National,9375.0
2023-05-29,CRICKET_JERSEY_INDIA,1200,63,National,3780.0
2023-05-30,PRO_RUN_SHOES,2500,80,National,10000.0
2023-05-30,CRICKET_JERSEY_INDIA,1200,54,National,3240.0
2023-05-31,PRO_RUN_SHOES,2500,48,National,6000.0
2023-05-31,CRICKET_JERSEY_INDIA,1200,19,National,1140.0
2023-06-01,PRO_RUN_SHOES,2500,48,National,6000.0
2023-06-01,CRICKET_JERSEY_INDIA,1200,20,National,1200.0
2023-06-02,PRO_RUN_SHOES,2500,49,National,6125.0
2023-06-02,CRICKET_JERSEY_INDIA,1200,23,National,1380.0
2023-06-03,PRO_RUN_SHOES,2500,48,National,6000.0
2023-06-03,CRICKET_JERSEY_INDIA,1200,19,National,1140.0
2023-06-04,PRO_RUN_SHOES,2500,49,National,6125.0
2023-06-04,CRICKET_JERSEY_INDIA,1200,20,National,1200.0
2023-06-05,PRO_RUN_SHOES,2500,48,National,6000.0
2023-06-05,CRICKET_JERSEY_INDIA,1200,20,National,1200.0
2023-06-06,PRO_RUN_SHOES,2500,51,National,6375.0
2023-06-06,CRICKET_JERSEY_INDIA,1200,18,National,1080.0
2023-06-07,PRO_RUN_SHOES,2500,50,National,6250.0
2023-06-07,CRICKET_JERSEY_INDIA,1200,19,National,1140.0
2023-06-08,PRO_RUN_SHOES,2500,50,National,6250.0
2023-06-08,CRICKET_JERSEY_INDIA,1200,19,National,1140.0
2023-06-09,PRO_RUN_SHOES,2500,49,National,6125.0
2023-06-09,CRICKET_JERSEY_INDIA,1200,19,National,1140.0
2023-06-10,PRO_RUN_SHOES,2500,48,National,6000.0
2023-06-10,CRICKET_JERSEY_INDIA,1200,18,National,1080.0
2023-06-11,PRO_RUN_SHOES,2500,50,National,6250.0
2023-06-11,CRICKET_JERSEY_INDIA,1200,18,National,1080.0
2023-06-12,PRO_RUN_SHOES,2500,43,National,5375.0
2023-06-12,CRICKET_JERSEY_INDIA,1200,19,National,1140.0
2023-06-13,PRO_RUN_SHOES,2500,50,National,6250.0
2023-06-13,CRICKET_JERSEY_INDIA,1200,19,National,1140.0
2023-06-14,PRO_RUN_SHOES,2500,49,National,6125.0
2023-06-14,CRICKET_JERSEY_INDIA,1200,19,National,1140.0
2023-06-15,PRO_RUN_SHOES,2500,52,National,6500.0
2023-06-15,CRICKET_JERSEY_INDIA,1200,19,National,1140.0
2023-06-16,PRO_RUN_SHOES,2500,54,National,6750.0
2023-06-16,CRICKET_JERSEY_INDIA,1200,19,National,1140.0
2023-06-17,PRO_RUN_SHOES,2500,49,National,6125.0
2023-06-17,CRICKET_JERSEY_INDIA,1200,20,National,1200.0
2023-06-18,PRO_RUN_SHOES,2500,50,National,6250.0
2023-06-18,CRICKET_JERSEY_INDIA,1200,22,National,1320.0
2023-06-19,PRO_RUN_SHOES,2500,51,National,6375.0
2023-06-19,CRICKET_JERSEY_INDIA,1200,20,National,1200.0
2023-06-20,PRO_RUN_SHOES,2500,51,National,6375.0
2023-06-20,CRICKET_JERSEY_INDIA,1200,20,National,1200.0
2023-06-21,PRO_RUN_SHOES,2500,47,National,5875.0
2023-06-21,CRICKET_JERSEY_INDIA,1200,19,National,1140.0
2023-06-22,PRO_RUN_SHOES,2500,50,National,6250.0
2023-06-22,CRICKET_JERSEY_INDIA,1200,19,National,1140.0
2023-06-23,PRO_RUN_SHOES,2500,54,National,6750.0
2023-06-23,CRICKET_JERSEY_INDIA,1200,20,National,1200.0
2023-06-24,PRO_RUN_SHOES,2500,51,National,6375.0
2023-06-24,CRICKET_JERSEY_INDIA,1200,19,National,1140.0
2023-06-25,PRO_RUN_SHOES,2500,49,National,6125.0
2023-06-25,CRICKET_JERSEY_INDIA,1200,19,National,1140.0
2023-06-26,PRO_RUN_SHOES,2500,52,National,6500.0
2023-06-26,CRICKET_JERSEY_INDIA,1200,18,National,1080.0
2023-06-27,PRO_RUN_SHOES,2500,48,National,6000.0
2023-06-27,CRICKET_JERSEY_INDIA,1200,20,National,1200.0
2023-06-28,PRO_RUN_SHOES,2500,53,National,6625.0
2023-06-28,CRICKET_JERSEY_INDIA,1200,21,National,1260.0
2023-06-29,PRO_RUN_SHOES,2500,49,National,6125.0
2023-06-29,CRICKET_JERSEY_INDIA,1200,20,National,1200.0
2023-06-30,PRO_RUN_SHOES,2500,52,National,6500.0
2023-06-30,CRICKET_JERSEY_INDIA,1200,21,National,1260.0
2023-07-01,PRO_RUN_SHOES,2500,48,National,6000.0
2023-07-01,CRICKET_JERSEY_INDIA,1200,21,National,1260.0
2023-07-02,PRO_RUN_SHOES,2500,52,National,6500.0
2023-07-02,CRICKET_JERSEY_INDIA,1200,19,National,1140.0
2023-07-03,PRO_RUN_SHOES,2500,50,National,6250.0
2023-07-03,CRICKET_JERSEY_INDIA,1200,19,National,1140.0
2023-07-04,PRO_RUN_SHOES,2500,53,National,6625.0
2023-07-04,CRICKET_JERSEY_INDIA,1200,22,National,1320.0
2023-07-05,PRO_RUN_SHOES,2500,51,National,6375.0
2023-07-05,CRICKET_JERSEY_INDIA,1200,20,National,1200.0
2023-07-06,PRO_RUN_SHOES,2500,48,National,6000.0
2023-07-06,CRICKET_JERSEY_INDIA,1200,20,National,1200.0
2023-07-07,PRO_RUN_SHOES,2500,49,National,6125.0
2023-07-07,CRICKET_JERSEY_INDIA,1200,21,National,1260.0
2023-07-08,PRO_RUN_SHOES,2500,48,National,6000.0
2023-07-08,CRICKET_JERSEY_INDIA,1200,17,National,1020.0
2023-07-09,PRO_RUN_SHOES,2500,52,National,6500.0
2023-07-09,CRICKET_JERSEY_INDIA,1200,20,National,1200.0
2023-07-10,PRO_RUN_SHOES,2500,50,National,6250.0
2023-07-10,CRICKET_JERSEY_INDIA,1200,20,National,1200.0
2023-07-11,PRO_RUN_SHOES,2500,46,National,5750.0
2023-07-11,CRICKET_JERSEY_INDIA,1200,19,National,1140.0
2023-07-12,PRO_RUN_SHOES,2500,48,National,6000.0
2023-07-12,CRICKET_JERSEY_INDIA,1200,19,National,1140.0
2023-07-13,PRO_RUN_SHOES,2500,49,National,6125.0
2023-07-13,CRICKET_JERSEY_INDIA,1200,18,National,1080.0
2023-07-14,PRO_RUN_SHOES,2500,47,National,5875.0
2023-07-14,CRICKET_JERSEY_INDIA,1200,20,National,1200.0
2023-07-15,PRO_RUN_SHOES,2500,47,National,5875.0
2023-07-15,CRICKET_JERSEY_INDIA,1200,19,National,1140.0
2023-07-16,PRO_RUN_SHOES,2500,49,National,6125.0
2023-07-16,CRICKET_JERSEY_INDIA,1200,21,National,1260.0
2023-07-17,PRO_RUN_SHOES,2500,48,National,6000.0
2023-07-17,CRICKET_JERSEY_INDIA,1200,22,National,1320.0
2023-07-18,PRO_RUN_SHOES,2500,46,National,5750.0
2023-07-18,CRICKET_JERSEY_INDIA,1200,20,National,1200.0
2023-07-19,PRO_RUN_SHOES,2500,48,National,6000.0
2023-07-19,CRICKET_JERSEY_INDIA,1200,21,National,1260.0
2023-07-20,PRO_RUN_SHOES,2500,47,National,5875.0
2023-07-20,CRICKET_JERSEY_INDIA,1200,20,National,1200.0
2023-07-21,PRO_RUN_SHOES,2500,50,National,6250.0
2023-07-21,CRICKET_JERSEY_INDIA,1200,19,National,1140.0
2023-07-22,PRO_RUN_SHOES,2500,49,National,6125.0
2023-07-22,CRICKET_JERSEY_INDIA,1200,17,National,1020.0
2023-07-23,PRO_RUN_SHOES,2500,50,National,6250.0
2023-07-23,CRICKET_JERSEY_INDIA,1200,22,National,1320.0
2023-07-24,PRO_RUN_SHOES,2500,49,National,6125.0
2023-07-24,CRICKET_JERSEY_INDIA,1200,19,National,1140.0
2023-07-25,PRO_RUN_SHOES,2500,48,National,6000.0
2023-07-25,CRICKET_JERSEY_INDIA,1200,20,National,1200.0
2023-07-26,PRO_RUN_SHOES,2500,47,National,5875.0
2023-07-26,CRICKET_JERSEY_INDIA,1200,20,National,1200.0
2023-07-27,PRO_RUN_SHOES,2500,51,National,6375.0
2023-07-27,CRICKET_JERSEY_INDIA,1200,19,National,1140.0
2023-07-28,PRO_RUN_SHOES,2500,51,National,6375.0
2023-07-28,CRICKET_JERSEY_INDIA,1200,20,National,1200.0
2023-07-29,PRO_RUN_SHOES,2500,49,National,6125.0
2023-07-29,CRICKET_JERSEY_INDIA,1200,21,National,1260.0
2023-07-30,PRO_RUN_SHOES,2500,50,National,6250.0
2023-07-30,CRICKET_JERSEY_INDIA,1200,20,National,1200.0
2023-07-31,PRO_RUN_SHOES,2500,49,National,6125.0
2023-07-31,CRICKET_JERSEY_INDIA,1200,19,National,1140.0
2023-08-01,PRO_RUN_SHOES,2500,52,National,6500.0
2023-08-01,CRICKET_JERSEY_INDIA,1200,22,National,1320.0
2023-08-02,PRO_RUN_SHOES,2500,44,National,5500.0
2023-08-02,CRICKET_JERSEY_INDIA,1200,20,National,1200.0
2023-08-03,PRO_RUN_SHOES,2500,48,National,6000.0
2023-08-03,CRICKET_JERSEY_INDIA,1200,18,National,1080.0
2023-08-04,PRO_RUN_SHOES,2500,49,National,6125.0
2023-08-04,CRICKET_JERSEY_INDIA,1200,21,National,1260.0
2023-08-05,PRO_RUN_SHOES,2500,50,National,6250.0
2023-08-05,CRICKET_JERSEY_INDIA,1200,21,National,1260.0
2023-08-06,PRO_RUN_SHOES,2500,49,National,6125.0
2023-08-06,CRICKET_JERSEY_INDIA,1200,20,National,1200.0
2023-08-07,PRO_RUN_SHOES,2500,53,National,6625.0
2023-08-07,CRICKET_JERSEY_INDIA,1200,20,National,1200.0
2023-08-08,PRO_RUN_SHOES,2500,49,National,6125.0
2023-08-08,CRICKET_JERSEY_INDIA,1200,20,National,1200.0
2023-08-09,PRO_RUN_SHOES,2500,53,National,6625.0
2023-08-09,CRICKET_JERSEY_INDIA,1200,21,National,1260.0
2023-08-10,PRO_RUN_SHOES,2500,50,National,6250.0
2023-08-10,CRICKET_JERSEY_INDIA,1200,20,National,1200.0
2023-08-11,PRO_RUN_SHOES,2500,48,National,6000.0
2023-08-11,CRICKET_JERSEY_INDIA,1200,22,National,1320.0
2023-08-12,PRO_RUN_SHOES,2500,51,National,6375.0
2023-08-12,CRICKET_JERSEY_INDIA,1200,20,National,1200.0
2023-08-13,PRO_RUN_SHOES,2500,50,National,6250.0
2023-08-13,CRICKET_JERSEY_INDIA,1200,20,National,1200.0
2023-08-14,PRO_RUN_SHOES,2500,50,National,6250.0
2023-08-14,CRICKET_JERSEY_INDIA,1200,20,National,1200.0
2023-08-15,PRO_RUN_SHOES,2500,41,National,5125.0
2023-08-15,CRICKET_JERSEY_INDIA,1200,20,National,1200.0
2023-08-16,PRO_RUN_SHOES,2500,49,National,6125.0
2023-08-16,CRICKET_JERSEY_INDIA,1200,20,National,1200.0
2023-08-17,PRO_RUN_SHOES,2500,49,National,6125.0
2023-08-17,CRICKET_JERSEY_INDIA,1200,19,National,1140.0
2023-08-18,PRO_RUN_SHOES,2500,48,National,6000.0
2023-08-18,CRICKET_JERSEY_INDIA,1200,20,National,1200.0
2023-08-19,PRO_RUN_SHOES,2500,51,National,6375.0
2023-08-19,CRICKET_JERSEY_INDIA,1200,20,National,1200.0
2023-08-20,PRO_RUN_SHOES,2500,48,National,6000.0
2023-08-20,CRICKET_JERSEY_INDIA,1200,19,National,1140.0
2023-08-21,PRO_RUN_SHOES,2500,55,National,6875.0
2023-08-21,CRICKET_JERSEY_INDIA,1200,17,National,1020.0
2023-08-22,PRO_RUN_SHOES,2500,50,National,6250.0
2023-08-22,CRICKET_JERSEY_INDIA,1200,21,National,1260.0
2023-08-23,PRO_RUN_SHOES,2500,49,National,6125.0
2023-08-23,CRICKET_JERSEY_INDIA,1200,19,National,1140.0
2023-08-24,PRO_RUN_SHOES,2500,46,National,5750.0
2023-08-24,CRICKET_JERSEY_INDIA,1200,19,National,1140.0
2023-08-25,PRO_RUN_SHOES,2500,56,National,7000.0
2023-08-25,CRICKET_JERSEY_INDIA,1200,19,National,1140.0
2023-08-26,PRO_RUN_SHOES,2500,47,National,5875.0
2023-08-26,CRICKET_JERSEY_INDIA,1200,17,National,1020.0
2023-08-27,PRO_RUN_SHOES,2500,50,National,6250.0
2023-08-27,CRICKET_JERSEY_INDIA,1200,20,National,1200.0
2023-08-28,PRO_RUN_SHOES,2500,49,National,6125.0
2023-08-28,CRICKET_JERSEY_INDIA,1200,21,National,1260.0
2023-08-29,PRO_RUN_SHOES,2500,46,National,5750.0
2023-08-29,CRICKET_JERSEY_INDIA,1200,19,National,1140.0
2023-08-30,PRO_RUN_SHOES,2500,49,National,6125.0
2023-08-30,CRICKET_JERSEY_INDIA,1200,18,National,1080.0
2023-08-31,PRO_RUN_SHOES,2500,52,National,6500.0
2023-08-31,CRICKET_JERSEY_INDIA,1200,18,National,1080.0
2023-09-01,PRO_RUN_SHOES,2500,52,National,6500.0
2023-09-01,CRICKET_JERSEY_INDIA,1200,20,National,1200.0
2023-09-02,PRO_RUN_SHOES,2500,49,National,6125.0
2023-09-02,CRICKET_JERSEY_INDIA,1200,19,National,1140.0
2023-09-03,PRO_RUN_SHOES,2500,49,National,6125.0
2023-09-03,CRICKET_JERSEY_INDIA,1200,20,National,1200.0
2023-09-04,PRO_RUN_SHOES,2500,52,National,6500.0
2023-09-04,CRICKET_JERSEY_INDIA,1200,21,National,1260.0
2023-09-05,PRO_RUN_SHOES,2500,49,National,6125.0
2023-09-05,CRICKET_JERSEY_INDIA,1200,19,National,1140.0
2023-09-06,PRO_RUN_SHOES,2500,48,National,6000.0
2023-09-06,CRICKET_JERSEY_INDIA,1200,21,National,1260.0
2023-09-07,PRO_RUN_SHOES,2500,48,National,6000.0
2023-09-07,CRICKET_JERSEY_INDIA,1200,18,National,1080.0
2023-09-08,PRO_RUN_SHOES,2500,46,National,5750.0
2023-09-08,CRICKET_JERSEY_INDIA,1200,17,National,1020.0
2023-09-09,PRO_RUN_SHOES,2500,48,National,6000.0
2023-09-09,CRICKET_JERSEY_INDIA,1200,20,National,1200.0
2023-09-10,PRO_RUN_SHOES,2500,52,National,6500.0
2023-09-10,CRICKET_JERSEY_INDIA,1200,20,National,1200.0
2023-09-11,PRO_RUN_SHOES,2500,49,National,6125.0
2023-09-11,CRICKET_JERSEY_INDIA,1200,19,National,1140.0
2023-09-12,PRO_RUN_SHOES,2500,49,National,6125.0
2023-09-12,CRICKET_JERSEY_INDIA,1200,20,National,1200.0
2023-09-13,PRO_RUN_SHOES,2500,49,National,6125.0
2023-09-13,CRICKET_JERSEY_INDIA,1200,21,National,1260.0
2023-09-14,PRO_RUN_SHOES,2500,48,National,6000.0
2023-09-14,CRICKET_JERSEY_INDIA,1200,20,National,1200.0
2023-09-15,PRO_RUN_SHOES,2500,46,National,5750.0
2023-09-15,CRICKET_JERSEY_INDIA,1200,19,National,1140.0
2023-09-16,PRO_RUN_SHOES,2500,48,National,6000.0
2023-09-16,CRICKET_JERSEY_INDIA,1200,21,National,1260.0
2023-09-17,PRO_RUN_SHOES,2500,47,National,5875.0
2023-09-17,CRICKET_JERSEY_INDIA,1200,19,National,1140.0
2023-09-18,PRO_RUN_SHOES,2500,53,National,6625.0
2023-09-18,CRICKET_JERSEY_INDIA,1200,19,National,1140.0
2023-09-19,PRO_RUN_SHOES,2500,49,National,6125.0
2023-09-19,CRICKET_JERSEY_INDIA,1200,19,National,1140.0
2023-09-20,PRO_RUN_SHOES,2500,49,National,6125.0
2023-09-20,CRICKET_JERSEY_INDIA,1200,20,National,1200.0
2023-09-21,PRO_RUN_SHOES,2500,52,National,6500.0
2023-09-21,CRICKET_JERSEY_INDIA,1200,19,National,1140.0
2023-09-22,PRO_RUN_SHOES,2500,52,National,6500.0
2023-09-22,CRICKET_JERSEY_INDIA,1200,20,National,1200.0
2023-09-23,PRO_RUN_SHOES,2500,47,National,5875.0
2023-09-23,CRICKET_JERSEY_INDIA,1200,20,National,1200.0
2023-09-24,PRO_RUN_SHOES,2500,49,National,6125.0
2023-09-24,CRICKET_JERSEY_INDIA,1200,20,National,1200.0
2023-09-25,PRO_RUN_SHOES,2500,50,National,6250.0
2023-09-25,CRICKET_JERSEY_INDIA,1200,19,National,1140.0
2023-09-26,PRO_RUN_SHOES,2500,48,National,6000.0
2023-09-26,CRICKET_JERSEY_INDIA,1200,19,National,1140.0
2023-09-27,PRO_RUN_SHOES,2500,90,National,11250.0
2023-09-27,CRICKET_JERSEY_INDIA,1200,34,National,2040.0
2023-09-28,PRO_RUN_SHOES,2500,88,National,11000.0
2023-09-28,CRICKET_JERSEY_INDIA,1200,39,National,2340.0
2023-09-29,PRO_RUN_SHOES,2500,89,National,11125.0
2023-09-29,CRICKET_JERSEY_INDIA,1200,35,National,2100.0
2023-09-30,PRO_RUN_SHOES,2500,88,National,11000.0
2023-09-30,CRICKET_JERSEY_INDIA,1200,37,National,2220.0
2023-10-01,PRO_RUN_SHOES,2500,79,National,9875.0
2023-10-01,CRICKET_JERSEY_INDIA,1200,36,National,2160.0
2023-10-02,PRO_RUN_SHOES,2500,92,National,11500.0
2023-10-02,CRICKET_JERSEY_INDIA,1200,35,National,2100.0
2023-10-03,PRO_RUN_SHOES,2500,99,National,12375.0
2023-10-03,CRICKET_JERSEY_INDIA,1200,36,National,2160.0
2023-10-04,PRO_RUN_SHOES,2500,95,National,11875.0
2023-10-04,CRICKET_JERSEY_INDIA,1200,35,National,2100.0
2023-10-05,PRO_RUN_SHOES,2500,87,National,10875.0
2023-10-05,CRICKET_JERSEY_INDIA,1200,38,National,2280.0
2023-10-06,PRO_RUN_SHOES,2500,90,National,11250.0
2023-10-06,CRICKET_JERSEY_INDIA,1200,36,National,2160.0
2023-10-07,PRO_RUN_SHOES,2500,92,National,11500.0
2023-10-07,CRICKET_JERSEY_INDIA,1200,38,National,2280.0
2023-10-08,PRO_RUN_SHOES,2500,90,National,11250.0
2023-10-08,CRICKET_JERSEY_INDIA,1200,39,National,2340.0
2023-10-09,PRO_RUN_SHOES,2500,90,National,11250.0
2023-10-09,CRICKET_JERSEY_INDIA,1200,35,National,2100.0
2023-10-10,PRO_RUN_SHOES,2500,90,National,11250.0
2023-10-10,CRICKET_JERSEY_INDIA,1200,34,National,2040.0
2023-10-11,PRO_RUN_SHOES,2500,96,National,12000.0
2023-10-11,CRICKET_JERSEY_INDIA,1200,38,National,2280.0
2023-10-12,PRO_RUN_SHOES,2500,93,National,11625.0
2023-10-12,CRICKET_JERSEY_INDIA,1200,34,National,2040.0
2023-10-13,PRO_RUN_SHOES,2500,85,National,10625.0
2023-10-13,CRICKET_JERSEY_INDIA,1200,34,National,2040.0
2023-10-14,PRO_RUN_SHOES,2500,94,National,11750.0
2023-10-14,CRICKET_JERSEY_INDIA,1200,33,National,1980.0
2023-10-15,PRO_RUN_SHOES,2500,88,National,11000.0
2023-10-15,CRICKET_JERSEY_INDIA,1200,35,National,2100.0
2023-10-16,PRO_RUN_SHOES,2500,90,National,11250.0
2023-10-16,CRICKET_JERSEY_INDIA,1200,35,National,2100.0
2023-10-17,PRO_RUN_SHOES,2500,95,National,11875.0
2023-10-17,CRICKET_JERSEY_INDIA,1200,34,National,2040.0
2023-10-18,PRO_RUN_SHOES,2500,91,National,11375.0
2023-10-18,CRICKET_JERSEY_INDIA,1200,33,National,1980.0
2023-10-19,PRO_RUN_SHOES,2500,87,National,10875.0
2023-10-19,CRICKET_JERSEY_INDIA,1200,35,National,2100.0
2023-10-20,PRO_RUN_SHOES,2500,97,National,12125.0
2023-10-20,CRICKET_JERSEY_INDIA,1200,33,National,1980.0
2023-10-21,PRO_RUN_SHOES,2500,90,National,11250.0
2023-10-21,CRICKET_JERSEY_INDIA,1200,37,National,2220.0
2023-10-22,PRO_RUN_SHOES,2500,87,National,10875.0
2023-10-22,CRICKET_JERSEY_INDIA,1200,33,National,1980.0
2023-10-23,PRO_RUN_SHOES,2500,89,National,11125.0
2023-10-23,CRICKET_JERSEY_INDIA,1200,34,National,2040.0
2023-10-24,PRO_RUN_SHOES,2500,89,National,11125.0
2023-10-24,CRICKET_JERSEY_INDIA,1200,37,National,2220.0
2023-10-25,PRO_RUN_SHOES,2500,94,National,11750.0
2023-10-25,CRICKET_JERSEY_INDIA,1200,35,National,2100.0
2023-10-26,PRO_RUN_SHOES,2500,83,National,10375.0
2023-10-26,CRICKET_JERSEY_INDIA,1200,36,National,2160.0
2023-10-27,PRO_RUN_SHOES,2500,85,National,10625.0
2023-10-27,CRICKET_JERSEY_INDIA,1200,39,National,2340.0
2023-10-28,PRO_RUN_SHOES,2500,96,National,12000.0
2023-10-28,CRICKET_JERSEY_INDIA,1200,37,National,2220.0
2023-10-29,PRO_RUN_SHOES,2500,95,National,11875.0
2023-10-29,CRICKET_JERSEY_INDIA,1200,35,National,2100.0
2023-10-30,PRO_RUN_SHOES,2500,93,National,11625.0
2023-10-30,CRICKET_JERSEY_INDIA,1200,37,National,2220.0
2023-10-31,PRO_RUN_SHOES,2500,94,National,11750.0
2023-10-31,CRICKET_JERSEY_INDIA,1200,33,National,1980.0
2023-11-01,PRO_RUN_SHOES,2500,92,National,11500.0
2023-11-01,CRICKET_JERSEY_INDIA,1200,35,National,2100.0
2023-11-02,PRO_RUN_SHOES,2500,88,National,11000.0
2023-11-02,CRICKET_JERSEY_INDIA,1200,35,National,2100.0
2023-11-03,PRO_RUN_SHOES,2500,93,National,11625.0
2023-11-03,CRICKET_JERSEY_INDIA,1200,37,National,2220.0
2023-11-04,PRO_RUN_SHOES,2500,87,National,10875.0
2023-11-04,CRICKET_JERSEY_INDIA,1200,36,National,2160.0
2023-11-05,PRO_RUN_SHOES,2500,96,National,12000.0
2023-11-05,CRICKET_JERSEY_INDIA,1200,37,National,2220.0
2023-11-06,PRO_RUN_SHOES,2500,92,National,11500.0
2023-11-06,CRICKET_JERSEY_INDIA,1200,37,National,2220.0
2023-11-07,PRO_RUN_SHOES,2500,80,National,10000.0
2023-11-07,CRICKET_JERSEY_INDIA,1200,39,National,2340.0
2023-11-08,PRO_RUN_SHOES,2500,92,National,11500.0
2023-11-08,CRICKET_JERSEY_INDIA,1200,32,National,1920.0
2023-11-09,PRO_RUN_SHOES,2500,88,National,11000.0
2023-11-09,CRICKET_JERSEY_INDIA,1200,35,National,2100.0
2023-11-10,PRO_RUN_SHOES,2500,88,National,11000.0
2023-11-10,CRICKET_JERSEY_INDIA,1200,36,National,2160.0
2023-11-11,PRO_RUN_SHOES,2500,93,National,11625.0
2023-11-11,CRICKET_JERSEY_INDIA,1200,34,National,2040.0
2023-11-12,PRO_RUN_SHOES,2500,74,National,9250.0
2023-11-12,CRICKET_JERSEY_INDIA,1200,35,National,2100.0
2023-11-13,PRO_RUN_SHOES,2500,84,National,10500.0
2023-11-13,CRICKET_JERSEY_INDIA,1200,34,National,2040.0
2023-11-14,PRO_RUN_SHOES,2500,84,National,10500.0
2023-11-14,CRICKET_JERSEY_INDIA,1200,36,National,2160.0
2023-11-15,PRO_RUN_SHOES,2500,86,National,10750.0
2023-11-15,CRICKET_JERSEY_INDIA,1200,34,National,2040.0
2023-11-16,PRO_RUN_SHOES,2500,87,National,10875.0
2023-11-16,CRICKET_JERSEY_INDIA,1200,38,National,2280.0
2023-11-17,PRO_RUN_SHOES,2500,45,National,5625.0
2023-11-17,CRICKET_JERSEY_INDIA,1200,21,National,1260.0
2023-11-18,PRO_RUN_SHOES,2500,48,National,6000.0
2023-11-18,CRICKET_JERSEY_INDIA,1200,22,National,1320.0
2023-11-19,PRO_RUN_SHOES,2500,48,National,6000.0
2023-11-19,CRICKET_JERSEY_INDIA,1200,20,National,1200.0
2023-11-20,PRO_RUN_SHOES,2500,52,National,6500.0
2023-11-20,CRICKET_JERSEY_INDIA,1200,18,National,1080.0
2023-11-21,PRO_RUN_SHOES,2500,47,National,5875.0
2023-11-21,CRICKET_JERSEY_INDIA,1200,17,National,1020.0
2023-11-22,PRO_RUN_SHOES,2500,49,National,6125.0
2023-11-22,CRICKET_JERSEY_INDIA,1200,22,National,1320.0
2023-11-23,PRO_RUN_SHOES,2500,44,National,5500.0
2023-11-23,CRICKET_JERSEY_INDIA,1200,20,National,1200.0
2023-11-24,PRO_RUN_SHOES,2500,53,National,6625.0
2023-11-24,CRICKET_JERSEY_INDIA,1200,18,National,1080.0
2023-11-25,PRO_RUN_SHOES,2500,52,National,6500.0
2023-11-25,CRICKET_JERSEY_INDIA,1200,19,National,1140.0
2023-11-26,PRO_RUN_SHOES,2500,49,National,6125.0
2023-11-26,CRICKET_JERSEY_INDIA,1200,19,National,1140.0
2023-11-27,PRO_RUN_SHOES,2500,56,National,7000.0
2023-11-27,CRICKET_JERSEY_INDIA,1200,19,National,1140.0
2023-11-28,PRO_RUN_SHOES,2500,50,National,6250.0
2023-11-28,CRICKET_JERSEY_INDIA,1200,20,National,1200.0
2023-11-29,PRO_RUN_SHOES,2500,52,National,6500.0
2023-11-29,CRICKET_JERSEY_INDIA,1200,20,National,1200.0
2023-11-30,PRO_RUN_SHOES,2500,51,National,6375.0
2023-11-30,CRICKET_JERSEY_INDIA,1200,20,National,1200.0
2023-12-01,PRO_RUN_SHOES,2500,52,National,6500.0
2023-12-01,CRICKET_JERSEY_INDIA,1200,19,National,1140.0
2023-12-02,PRO_RUN_SHOES,2500,46,National,5750.0
2023-12-02,CRICKET_JERSEY_INDIA,1200,20,National,1200.0
2023-12-03,PRO_RUN_SHOES,2500,56,National,7000.0
2023-12-03,CRICKET_JERSEY_INDIA,1200,20,National,1200.0
2023-12-04,PRO_RUN_SHOES,2500,52,National,6500.0
2023-12-04,CRICKET_JERSEY_INDIA,1200,20,National,1200.0
2023-12-05,PRO_RUN_SHOES,2500,50,National,6250.0
2023-12-05,CRICKET_JERSEY_INDIA,1200,20,National,1200.0
2023-12-06,PRO_RUN_SHOES,2500,49,National,6125.0
2023-12-06,CRICKET_JERSEY_INDIA,1200,19,National,1140.0
2023-12-07,PRO_RUN_SHOES,2500,53,National,6625.0
2023-12-07,CRICKET_JERSEY_INDIA,1200,20,National,1200.0
2023-12-08,PRO_RUN_SHOES,2500,52,National,6500.0
2023-12-08,CRICKET_JERSEY_INDIA,1200,20,National,1200.0
2023-12-09,PRO_RUN_SHOES,2500,53,National,6625.0
2023-12-09,CRICKET_JERSEY_INDIA,1200,20,National,1200.0
2023-12-10,PRO_RUN_SHOES,2500,49,National,6125.0
2023-12-10,CRICKET_JERSEY_INDIA,1200,20,National,1200.0
2023-12-11,PRO_RUN_SHOES,2500,46,National,5750.0
2023-12-11,CRICKET_JERSEY_INDIA,1200,17,National,1020.0
2023-12-12,PRO_RUN_SHOES,2500,53,National,6625.0
2023-12-12,CRICKET_JERSEY_INDIA,1200,19,National,1140.0
2023-12-13,PRO_RUN_SHOES,2500,50,National,6250.0
2023-12-13,CRICKET_JERSEY_INDIA,1200,19,National,1140.0
2023-12-14,PRO_RUN_SHOES,2500,49,National,6125.0
2023-12-14,CRICKET_JERSEY_INDIA,1200,20,National,1200.0
2023-12-15,PRO_RUN_SHOES,2500,51,National,6375.0
2023-12-15,CRICKET_JERSEY_INDIA,1200,20,National,1200.0
2023-12-16,PRO_RUN_SHOES,2500,48,National,6000.0
2023-12-16,CRICKET_JERSEY_INDIA,1200,19,National,1140.0
2023-12-17,PRO_RUN_SHOES,2500,50,National,6250.0
2023-12-17,CRICKET_JERSEY_INDIA,1200,20,National,1200.0
2023-12-18,PRO_RUN_SHOES,2500,47,National,5875.0
2023-12-18,CRICKET_JERSEY_INDIA,1200,19,National,1140.0
2023-12-19,PRO_RUN_SHOES,2500,51,National,6375.0
2023-12-19,CRICKET_JERSEY_INDIA,1200,18,National,1080.0
2023-12-20,PRO_RUN_SHOES,2500,45,National,5625.0
2023-12-20,CRICKET_JERSEY_INDIA,1200,20,National,1200.0
2023-12-21,PRO_RUN_SHOES,2500,47,National,5875.0
2023-12-21,CRICKET_JERSEY_INDIA,1200,21,National,1260.0
2023-12-22,PRO_RUN_SHOES,2500,46,National,5750.0
2023-12-22,CRICKET_JERSEY_INDIA,1200,20,National,1200.0
2023-12-23,PRO_RUN_SHOES,2500,53,National,6625.0
2023-12-23,CRICKET_JERSEY_INDIA,1200,21,National,1260.0
2023-12-24,PRO_RUN_SHOES,2500,48,National,6000.0
2023-12-24,CRICKET_JERSEY_INDIA,1200,20,National,1200.0
2023-12-25,PRO_RUN_SHOES,2500,52,National,6500.0
2023-12-25,CRICKET_JERSEY_INDIA,1200,18,National,1080.0
2023-12-26,PRO_RUN_SHOES,2500,47,National,5875.0
2023-12-26,CRICKET_JERSEY_INDIA,1200,19,National,1140.0
2023-12-27,PRO_RUN_SHOES,2500,46,National,5750.0
2023-12-27,CRICKET_JERSEY_INDIA,1200,18,National,1080.0
2023-12-28,PRO_RUN_SHOES,2500,50,National,6250.0
2023-12-28,CRICKET_JERSEY_INDIA,1200,21,National,1260.0
2023-12-29,PRO_RUN_SHOES,2500,47,National,5875.0
2023-12-29,CRICKET_JERSEY_INDIA,1200,20,National,1200.0
2023-12-30,PRO_RUN_SHOES,2500,52,National,6500.0
2023-12-30,CRICKET_JERSEY_INDIA,1200,20,National,1200.0
2023-12-31,PRO_RUN_SHOES,2500,47,National,5875.0
2023-12-31,CRICKET_JERSEY_INDIA,1200,18,National,1080.0
2024-01-01,PRO_RUN_SHOES,2500,54,National,6750.0
2024-01-01,CRICKET_JERSEY_INDIA,1200,21,National,1260.0
2024-01-02,PRO_RUN_SHOES,2500,60,National,7500.0
2024-01-02,CRICKET_JERSEY_INDIA,1200,21,National,1260.0
2024-01-03,PRO_RUN_SHOES,2500,56,National,7000.0
2024-01-03,CRICKET_JERSEY_INDIA,1200,22,National,1320.0
2024-01-04,PRO_RUN_SHOES,2500,56,National,7000.0
2024-01-04,CRICKET_JERSEY_INDIA,1200,21,National,1260.0
2024-01-05,PRO_RUN_SHOES,2500,55,National,6875.0
2024-01-05,CRICKET_JERSEY_INDIA,1200,21,National,1260.0
2024-01-06,PRO_RUN_SHOES,2500,58,National,7250.0
2024-01-06,CRICKET_JERSEY_INDIA,1200,21,National,1260.0
2024-01-07,PRO_RUN_SHOES,2500,51,National,6375.0
2024-01-07,CRICKET_JERSEY_INDIA,1200,22,National,1320.0
2024-01-08,PRO_RUN_SHOES,2500,54,National,6750.0
2024-01-08,CRICKET_JERSEY_INDIA,1200,21,National,1260.0
2024-01-09,PRO_RUN_SHOES,2500,55,National,6875.0
2024-01-09,CRICKET_JERSEY_INDIA,1200,20,National,1200.0
2024-01-10,PRO_RUN_SHOES,2500,55,National,6875.0
2024-01-10,CRICKET_JERSEY_INDIA,1200,21,National,1260.0
2024-01-11,PRO_RUN_SHOES,2500,55,National,6875.0
2024-01-11,CRICKET_JERSEY_INDIA,1200,21,National,1260.0
2024-01-12,PRO_RUN_SHOES,2500,63,National,7875.0
2024-01-12,CRICKET_JERSEY_INDIA,1200,22,National,1320.0
2024-01-13,PRO_RUN_SHOES,2500,52,National,6500.0
2024-01-13,CRICKET_JERSEY_INDIA,1200,22,National,1320.0
2024-01-14,PRO_RUN_SHOES,2500,51,National,6375.0
2024-01-14,CRICKET_JERSEY_INDIA,1200,20,National,1200.0
2024-01-15,PRO_RUN_SHOES,2500,53,National,6625.0
2024-01-15,CRICKET_JERSEY_INDIA,1200,23,National,1380.0
2024-01-16,PRO_RUN_SHOES,2500,55,National,6875.0
2024-01-16,CRICKET_JERSEY_INDIA,1200,21,National,1260.0
2024-01-17,PRO_RUN_SHOES,2500,58,National,7250.0
2024-01-17,CRICKET_JERSEY_INDIA,1200,20,National,1200.0
2024-01-18,PRO_RUN_SHOES,2500,51,National,6375.0
2024-01-18,CRICKET_JERSEY_INDIA,1200,21,National,1260.0
2024-01-19,PRO_RUN_SHOES,2500,63,National,7875.0
2024-01-19,CRICKET_JERSEY_INDIA,1200,21,National,1260.0
2024-01-20,PRO_RUN_SHOES,2500,55,National,6875.0
2024-01-20,CRICKET_JERSEY_INDIA,1200,20,National,1200.0
2024-01-21,PRO_RUN_SHOES,2500,48,National,6000.0
2024-01-21,CRICKET_JERSEY_INDIA,1200,22,National,1320.0
2024-01-22,PRO_RUN_SHOES,2500,51,National,6375.0
2024-01-22,CRICKET_JERSEY_INDIA,1200,22,National,1320.0
2024-01-23,PRO_RUN_SHOES,2500,57,National,7125.0
2024-01-23,CRICKET_JERSEY_INDIA,1200,21,National,1260.0
2024-01-24,PRO_RUN_SHOES,2500,59,National,7375.0
2024-01-24,CRICKET_JERSEY_INDIA,1200,22,National,1320.0
2024-01-25,PRO_RUN_SHOES,2500,57,National,7125.0
2024-01-25,CRICKET_JERSEY_INDIA,1200,22,National,1320.0
2024-01-26,PRO_RUN_SHOES,2500,51,National,6375.0
2024-01-26,CRICKET_JERSEY_INDIA,1200,22,National,1320.0
2024-01-27,PRO_RUN_SHOES,2500,58,National,7250.0
2024-01-27,CRICKET_JERSEY_INDIA,1200,22,National,1320.0
2024-01-28,PRO_RUN_SHOES,2500,51,National,6375.0
2024-01-28,CRICKET_JERSEY_INDIA,1200,22,National,1320.0
2024-01-29,PRO_RUN_SHOES,2500,52,National,6500.0
2024-01-29,CRICKET_JERSEY_INDIA,1200,21,National,1260.0
2024-01-30,PRO_RUN_SHOES,2500,57,National,7125.0
2024-01-30,CRICKET_JERSEY_INDIA,1200,20,National,1200.0
2024-01-31,PRO_RUN_SHOES,2500,49,National,6125.0
2024-01-31,CRICKET_JERSEY_INDIA,1200,21,National,1260.0
2024-02-01,PRO_RUN_SHOES,2500,56,National,7000.0
2024-02-01,CRICKET_JERSEY_INDIA,1200,21,National,1260.0
2024-02-02,PRO_RUN_SHOES,2500,47,National,5875.0
2024-02-02,CRICKET_JERSEY_INDIA,1200,22,National,1320.0
2024-02-03,PRO_RUN_SHOES,2500,52,National,6500.0
2024-02-03,CRICKET_JERSEY_INDIA,1200,23,National,1380.0
2024-02-04,PRO_RUN_SHOES,2500,55,National,6875.0
2024-02-04,CRICKET_JERSEY_INDIA,1200,22,National,1320.0
2024-02-05,PRO_RUN_SHOES,2500,52,National,6500.0
2024-02-05,CRICKET_JERSEY_INDIA,1200,22,National,1320.0
2024-02-06,PRO_RUN_SHOES,2500,54,National,6750.0
2024-02-06,CRICKET_JERSEY_INDIA,1200,22,National,1320.0
2024-02-07,PRO_RUN_SHOES,2500,55,National,6875.0
2024-02-07,CRICKET_JERSEY_INDIA,1200,21,National,1260.0
2024-02-08,PRO_RUN_SHOES,2500,60,National,7500.0
2024-02-08,CRICKET_JERSEY_INDIA,1200,22,National,1320.0
2024-02-09,PRO_RUN_SHOES,2500,55,National,6875.0
2024-02-09,CRICKET_JERSEY_INDIA,1200,20,National,1200.0
2024-02-10,PRO_RUN_SHOES,2500,54,National,6750.0
2024-02-10,CRICKET_JERSEY_INDIA,1200,21,National,1260.0
2024-02-11,PRO_RUN_SHOES,2500,55,National,6875.0
2024-02-11,CRICKET_JERSEY_INDIA,1200,25,National,1500.0
2024-02-12,PRO_RUN_SHOES,2500,51,National,6375.0
2024-02-12,CRICKET_JERSEY_INDIA,1200,22,National,1320.0
2024-02-13,PRO_RUN_SHOES,2500,55,National,6875.0
2024-02-13,CRICKET_JERSEY_INDIA,1200,19,National,1140.0
2024-02-14,PRO_RUN_SHOES,2500,55,National,6875.0
2024-02-14,CRICKET_JERSEY_INDIA,1200,21,National,1260.0
2024-02-15,PRO_RUN_SHOES,2500,51,National,6375.0
2024-02-15,CRICKET_JERSEY_INDIA,1200,22,National,1320.0
2024-02-16,PRO_RUN_SHOES,2500,52,National,6500.0
2024-02-16,CRICKET_JERSEY_INDIA,1200,22,National,1320.0
2024-02-17,PRO_RUN_SHOES,2500,54,National,6750.0
2024-02-17,CRICKET_JERSEY_INDIA,1200,21,National,1260.0
2024-02-18,PRO_RUN_SHOES,2500,58,National,7250.0
2024-02-18,CRICKET_JERSEY_INDIA,1200,22,National,1320.0
2024-02-19,PRO_RUN_SHOES,2500,51,National,6375.0
2024-02-19,CRICKET_JERSEY_INDIA,1200,20,National,1200.0
2024-02-20,PRO_RUN_SHOES,2500,51,National,6375.0
2024-02-20,CRICKET_JERSEY_INDIA,1200,20,National,1200.0
2024-02-21,PRO_RUN_SHOES,2500,52,National,6500.0
2024-02-21,CRICKET_JERSEY_INDIA,1200,21,National,1260.0
2024-02-22,PRO_RUN_SHOES,2500,52,National,6500.0
2024-02-22,CRICKET_JERSEY_INDIA,1200,21,National,1260.0
2024-02-23,PRO_RUN_SHOES,2500,54,National,6750.0
2024-02-23,CRICKET_JERSEY_INDIA,1200,19,National,1140.0
2024-02-24,PRO_RUN_SHOES,2500,51,National,6375.0
2024-02-24,CRICKET_JERSEY_INDIA,1200,20,National,1200.0
2024-02-25,PRO_RUN_SHOES,2500,57,National,7125.0
2024-02-25,CRICKET_JERSEY_INDIA,1200,21,National,1260.0
2024-02-26,PRO_RUN_SHOES,2500,56,National,7000.0
2024-02-26,CRICKET_JERSEY_INDIA,1200,21,National,1260.0
2024-02-27,PRO_RUN_SHOES,2500,53,National,6625.0
2024-02-27,CRICKET_JERSEY_INDIA,1200,24,National,1440.0
2024-02-28,PRO_RUN_SHOES,2500,55,National,6875.0
2024-02-28,CRICKET_JERSEY_INDIA,1200,23,National,1380.0
2024-02-29,PRO_RUN_SHOES,2500,59,National,7375.0
2024-02-29,CRICKET_JERSEY_INDIA,1200,22,National,1320.0
2024-03-01,PRO_RUN_SHOES,2500,53,National,6625.0
2024-03-01,CRICKET_JERSEY_INDIA,1200,20,National,1200.0
2024-03-02,PRO_RUN_SHOES,2500,54,National,6750.0
2024-03-02,CRICKET_JERSEY_INDIA,1200,23,National,1380.0
2024-03-03,PRO_RUN_SHOES,2500,52,National,6500.0
2024-03-03,CRICKET_JERSEY_INDIA,1200,21,National,1260.0
2024-03-04,PRO_RUN_SHOES,2500,51,National,6375.0
2024-03-04,CRICKET_JERSEY_INDIA,1200,21,National,1260.0
2024-03-05,PRO_RUN_SHOES,2500,59,National,7375.0
2024-03-05,CRICKET_JERSEY_INDIA,1200,22,National,1320.0
2024-03-06,PRO_RUN_SHOES,2500,55,National,6875.0
2024-03-06,CRICKET_JERSEY_INDIA,1200,21,National,1260.0
2024-03-07,PRO_RUN_SHOES,2500,54,National,6750.0
2024-03-07,CRICKET_JERSEY_INDIA,1200,22,National,1320.0
2024-03-08,PRO_RUN_SHOES,2500,57,National,7125.0
2024-03-08,CRICKET_JERSEY_INDIA,1200,21,National,1260.0
2024-03-09,PRO_RUN_SHOES,2500,53,National,6625.0
2024-03-09,CRICKET_JERSEY_INDIA,1200,22,National,1320.0
2024-03-10,PRO_RUN_SHOES,2500,52,National,6500.0
2024-03-10,CRICKET_JERSEY_INDIA,1200,20,National,1200.0
2024-03-11,PRO_RUN_SHOES,2500,57,National,7125.0
2024-03-11,CRICKET_JERSEY_INDIA,1200,23,National,1380.0
2024-03-12,PRO_RUN_SHOES,2500,56,National,7000.0
2024-03-12,CRICKET_JERSEY_INDIA,1200,24,National,1440.0
2024-03-13,PRO_RUN_SHOES,2500,57,National,7125.0
2024-03-13,CRICKET_JERSEY_INDIA,1200,23,National,1380.0
2024-03-14,PRO_RUN_SHOES,2500,51,National,6375.0
2024-03-14,CRICKET_JERSEY_INDIA,1200,23,National,1380.0
2024-03-15,PRO_RUN_SHOES,2500,54,National,6750.0
2024-03-15,CRICKET_JERSEY_INDIA,1200,20,National,1200.0
2024-03-16,PRO_RUN_SHOES,2500,54,National,6750.0
2024-03-16,CRICKET_JERSEY_INDIA,1200,22,National,1320.0
2024-03-17,PRO_RUN_SHOES,2500,54,National,6750.0
2024-03-17,CRICKET_JERSEY_INDIA,1200,22,National,1320.0
2024-03-18,PRO_RUN_SHOES,2500,61,National,7625.0
2024-03-18,CRICKET_JERSEY_INDIA,1200,22,National,1320.0
2024-03-19,PRO_RUN_SHOES,2500,51,National,6375.0
2024-03-19,CRICKET_JERSEY_INDIA,1200,21,National,1260.0
2024-03-20,PRO_RUN_SHOES,2500,58,National,7250.0
2024-03-20,CRICKET_JERSEY_INDIA,1200,22,National,1320.0
2024-03-21,PRO_RUN_SHOES,2500,56,National,7000.0
2024-03-21,CRICKET_JERSEY_INDIA,1200,20,National,1200.0
2024-03-22,PRO_RUN_SHOES,2500,57,National,7125.0
2024-03-22,CRICKET_JERSEY_INDIA,1200,21,National,1260.0
2024-03-23,PRO_RUN_SHOES,2500,57,National,7125.0
2024-03-23,CRICKET_JERSEY_INDIA,1200,21,National,1260.0
2024-03-24,PRO_RUN_SHOES,2500,54,National,6750.0
2024-03-24,CRICKET_JERSEY_INDIA,1200,22,National,1320.0
2024-03-25,PRO_RUN_SHOES,2500,55,National,6875.0
2024-03-25,CRICKET_JERSEY_INDIA,1200,24,National,1440.0
2024-03-26,PRO_RUN_SHOES,2500,51,National,6375.0
2024-03-26,CRICKET_JERSEY_INDIA,1200,21,National,1260.0
2024-03-27,PRO_RUN_SHOES,2500,56,National,7000.0
2024-03-27,CRICKET_JERSEY_INDIA,1200,21,National,1260.0
2024-03-28,PRO_RUN_SHOES,2500,55,National,6875.0
2024-03-28,CRICKET_JERSEY_INDIA,1200,21,National,1260.0
2024-03-29,PRO_RUN_SHOES,2500,57,National,7125.0
2024-03-29,CRICKET_JERSEY_INDIA,1200,19,National,1140.0
2024-03-30,PRO_RUN_SHOES,2500,75,National,9375.0
2024-03-30,CRICKET_JERSEY_INDIA,1200,63,National,3780.0
2024-03-31,PRO_RUN_SHOES,2500,78,National,9750.0
2024-03-31,CRICKET_JERSEY_INDIA,1200,67,National,4020.0
2024-04-01,PRO_RUN_SHOES,2500,91,National,11375.0
2024-04-01,CRICKET_JERSEY_INDIA,1200,67,National,4020.0
2024-04-02,PRO_RUN_SHOES,2500,86,National,10750.0
2024-04-02,CRICKET_JERSEY_INDIA,1200,64,National,3840.0
2024-04-03,PRO_RUN_SHOES,2500,84,National,10500.0
2024-04-03,CRICKET_JERSEY_INDIA,1200,62,National,3720.0
2024-04-04,PRO_RUN_SHOES,2500,82,National,10250.0
2024-04-04,CRICKET_JERSEY_INDIA,1200,67,National,4020.0
2024-04-05,PRO_RUN_SHOES,2500,81,National,10125.0
2024-04-05,CRICKET_JERSEY_INDIA,1200,67,National,4020.0
2024-04-06,PRO_RUN_SHOES,2500,87,National,10875.0
2024-04-06,CRICKET_JERSEY_INDIA,1200,59,National,3540.0
2024-04-07,PRO_RUN_SHOES,2500,74,National,9250.0
2024-04-07,CRICKET_JERSEY_INDIA,1200,58,National,3480.0
2024-04-08,PRO_RUN_SHOES,2500,83,National,10375.0
2024-04-08,CRICKET_JERSEY_INDIA,1200,62,National,3720.0
2024-04-09,PRO_RUN_SHOES,2500,81,National,10125.0
2024-04-09,CRICKET_JERSEY_INDIA,1200,65,National,3900.0
2024-04-10,PRO_RUN_SHOES,2500,80,National,10000.0
2024-04-10,CRICKET_JERSEY_INDIA,1200,61,National,3660.0
2024-04-11,PRO_RUN_SHOES,2500,86,National,10750.0
2024-04-11,CRICKET_JERSEY_INDIA,1200,67,National,4020.0
2024-04-12,PRO_RUN_SHOES,2500,86,National,10750.0
2024-04-12,CRICKET_JERSEY_INDIA,1200,70,National,4200.0
2024-04-13,PRO_RUN_SHOES,2500,78,National,9750.0
2024-04-13,CRICKET_JERSEY_INDIA,1200,66,National,3960.0
2024-04-14,PRO_RUN_SHOES,2500,79,National,9875.0
2024-04-14,CRICKET_JERSEY_INDIA,1200,64,National,3840.0
2024-04-15,PRO_RUN_SHOES,2500,82,National,10250.0
2024-04-15,CRICKET_JERSEY_INDIA,1200,67,National,4020.0
2024-04-16,PRO_RUN_SHOES,2500,82,National,10250.0
2024-04-16,CRICKET_JERSEY_INDIA,1200,67,National,4020.0
2024-04-17,PRO_RUN_SHOES,2500,83,National,10375.0
2024-04-17,CRICKET_JERSEY_INDIA,1200,64,National,3840.0
2024-04-18,PRO_RUN_SHOES,2500,80,National,10000.0
2024-04-18,CRICKET_JERSEY_INDIA,1200,65,National,3900.0
2024-04-19,PRO_RUN_SHOES,2500,86,National,10750.0
2024-04-19,CRICKET_JERSEY_INDIA,1200,69,National,4140.0
2024-04-20,PRO_RUN_SHOES,2500,81,National,10125.0
2024-04-20,CRICKET_JERSEY_INDIA,1200,62,National,3720.0
2024-04-21,PRO_RUN_SHOES,2500,78,National,9750.0
2024-04-21,CRICKET_JERSEY_INDIA,1200,62,National,3720.0
2024-04-22,PRO_RUN_SHOES,2500,81,National,10125.0
2024-04-22,CRICKET_JERSEY_INDIA,1200,66,National,3960.0
2024-04-23,PRO_RUN_SHOES,2500,87,National,10875.0
2024-04-23,CRICKET_JERSEY_INDIA,1200,62,National,3720.0
2024-04-24,PRO_RUN_SHOES,2500,76,National,9500.0
2024-04-24,CRICKET_JERSEY_INDIA,1200,64,National,3840.0
2024-04-25,PRO_RUN_SHOES,2500,76,National,9500.0
2024-04-25,CRICKET_JERSEY_INDIA,1200,64,National,3840.0
2024-04-26,PRO_RUN_SHOES,2500,84,National,10500.0
2024-04-26,CRICKET_JERSEY_INDIA,1200,66,National,3960.0
2024-04-27,PRO_RUN_SHOES,2500,81,National,10125.0
2024-04-27,CRICKET_JERSEY_INDIA,1200,67,National,4020.0
2024-04-28,PRO_RUN_SHOES,2500,86,National,10750.0
2024-04-28,CRICKET_JERSEY_INDIA,1200,64,National,3840.0
2024-04-29,PRO_RUN_SHOES,2500,93,National,11625.0
2024-04-29,CRICKET_JERSEY_INDIA,1200,61,National,3660.0
2024-04-30,PRO_RUN_SHOES,2500,78,National,9750.0
2024-04-30,CRICKET_JERSEY_INDIA,1200,67,National,4020.0
2024-05-01,PRO_RUN_SHOES,2500,79,National,9875.0
2024-05-01,CRICKET_JERSEY_INDIA,1200,66,National,3960.0
2024-05-02,PRO_RUN_SHOES,2500,81,National,10125.0
2024-05-02,CRICKET_JERSEY_INDIA,1200,66,National,3960.0
2024-05-03,PRO_RUN_SHOES,2500,76,National,9500.0
2024-05-03,CRICKET_JERSEY_INDIA,1200,70,National,4200.0
2024-05-04,PRO_RUN_SHOES,2500,89,National,11125.0
2024-05-04,CRICKET_JERSEY_INDIA,1200,65,National,3900.0
2024-05-05,PRO_RUN_SHOES,2500,89,National,11125.0
2024-05-05,CRICKET_JERSEY_INDIA,1200,63,National,3780.0
2024-05-06,PRO_RUN_SHOES,2500,76,National,9500.0
2024-05-06,CRICKET_JERSEY_INDIA,1200,64,National,3840.0
2024-05-07,PRO_RUN_SHOES,2500,81,National,10125.0
2024-05-07,CRICKET_JERSEY_INDIA,1200,68,National,4080.0
2024-05-08,PRO_RUN_SHOES,2500,82,National,10250.0
2024-05-08,CRICKET_JERSEY_INDIA,1200,65,National,3900.0
2024-05-09,PRO_RUN_SHOES,2500,77,National,9625.0
2024-05-09,CRICKET_JERSEY_INDIA,1200,64,National,3840.0
2024-05-10,PRO_RUN_SHOES,2500,79,National,9875.0
2024-05-10,CRICKET_JERSEY_INDIA,1200,67,National,4020.0
2024-05-11,PRO_RUN_SHOES,2500,86,National,10750.0
2024-05-11,CRICKET_JERSEY_INDIA,1200,69,National,4140.0
2024-05-12,PRO_RUN_SHOES,2500,79,National,9875.0
2024-05-12,CRICKET_JERSEY_INDIA,1200,67,National,4020.0
2024-05-13,PRO_RUN_SHOES,2500,79,National,9875.0
2024-05-13,CRICKET_JERSEY_INDIA,1200,65,National,3900.0
2024-05-14,PRO_RUN_SHOES,2500,85,National,10625.0
2024-05-14,CRICKET_JERSEY_INDIA,1200,59,National,3540.0
2024-05-15,PRO_RUN_SHOES,2500,90,National,11250.0
2024-05-15,CRICKET_JERSEY_INDIA,1200,67,National,4020.0
2024-05-16,PRO_RUN_SHOES,2500,82,National,10250.0
2024-05-16,CRICKET_JERSEY_INDIA,1200,62,National,3720.0
2024-05-17,PRO_RUN_SHOES,2500,84,National,10500.0
2024-05-17,CRICKET_JERSEY_INDIA,1200,68,National,4080.0
2024-05-18,PRO_RUN_SHOES,2500,83,National,10375.0
2024-05-18,CRICKET_JERSEY_INDIA,1200,69,National,4140.0
2024-05-19,PRO_RUN_SHOES,2500,82,National,10250.0
2024-05-19,CRICKET_JERSEY_INDIA,1200,66,National,3960.0
2024-05-20,PRO_RUN_SHOES,2500,82,National,10250.0
2024-05-20,CRICKET_JERSEY_INDIA,1200,70,National,4200.0
2024-05-21,PRO_RUN_SHOES,2500,86,National,10750.0
2024-05-21,CRICKET_JERSEY_INDIA,1200,66,National,3960.0
2024-05-22,PRO_RUN_SHOES,2500,88,National,11000.0
2024-05-22,CRICKET_JERSEY_INDIA,1200,60,National,3600.0
2024-05-23,PRO_RUN_SHOES,2500,85,National,10625.0
2024-05-23,CRICKET_JERSEY_INDIA,1200,66,National,3960.0
2024-05-24,PRO_RUN_SHOES,2500,87,National,10875.0
2024-05-24,CRICKET_JERSEY_INDIA,1200,71,National,4260.0
2024-05-25,PRO_RUN_SHOES,2500,85,National,10625.0
2024-05-25,CRICKET_JERSEY_INDIA,1200,65,National,3900.0
2024-05-26,PRO_RUN_SHOES,2500,83,National,10375.0
2024-05-26,CRICKET_JERSEY_INDIA,1200,71,National,4260.0
2024-05-27,PRO_RUN_SHOES,2500,77,National,9625.0
2024-05-27,CRICKET_JERSEY_INDIA,1200,64,National,3840.0
2024-05-28,PRO_RUN_SHOES,2500,88,National,11000.0
2024-05-28,CRICKET_JERSEY_INDIA,1200,64,National,3840.0
2024-05-29,PRO_RUN_SHOES,2500,77,National,9625.0
2024-05-29,CRICKET_JERSEY_INDIA,1200,64,National,3840.0
2024-05-30,PRO_RUN_SHOES,2500,56,National,7000.0
2024-05-30,CRICKET_JERSEY_INDIA,1200,21,National,1260.0
2024-05-31,PRO_RUN_SHOES,2500,55,National,6875.0
2024-05-31,CRICKET_JERSEY_INDIA,1200,21,National,1260.0
2024-06-01,PRO_RUN_SHOES,2500,54,National,6750.0
2024-06-01,CRICKET_JERSEY_INDIA,1200,21,National,1260.0
2024-06-02,PRO_RUN_SHOES,2500,54,National,6750.0
2024-06-02,CRICKET_JERSEY_INDIA,1200,20,National,1200.0
2024-06-03,PRO_RUN_SHOES,2500,52,National,6500.0
2024-06-03,CRICKET_JERSEY_INDIA,1200,23,National,1380.0
2024-06-04,PRO_RUN_SHOES,2500,60,National,7500.0
2024-06-04,CRICKET_JERSEY_INDIA,1200,22,National,1320.0
2024-06-05,PRO_RUN_SHOES,2500,55,National,6875.0
2024-06-05,CRICKET_JERSEY_INDIA,1200,23,National,1380.0
2024-06-06,PRO_RUN_SHOES,2500,53,National,6625.0
2024-06-06,CRICKET_JERSEY_INDIA,1200,20,National,1200.0
2024-06-07,PRO_RUN_SHOES,2500,54,National,6750.0
2024-06-07,CRICKET_JERSEY_INDIA,1200,22,National,1320.0
2024-06-08,PRO_RUN_SHOES,2500,58,National,7250.0
2024-06-08,CRICKET_JERSEY_INDIA,1200,20,National,1200.0
2024-06-09,PRO_RUN_SHOES,2500,56,National,7000.0
2024-06-09,CRICKET_JERSEY_INDIA,1200,23,National,1380.0
2024-06-10,PRO_RUN_SHOES,2500,57,National,7125.0
2024-06-10,CRICKET_JERSEY_INDIA,1200,22,National,1320.0
2024-06-11,PRO_RUN_SHOES,2500,52,National,6500.0
2024-06-11,CRICKET_JERSEY_INDIA,1200,21,National,1260.0
2024-06-12,PRO_RUN_SHOES,2500,55,National,6875.0
2024-06-12,CRICKET_JERSEY_INDIA,1200,19,National,1140.0
2024-06-13,PRO_RUN_SHOES,2500,50,National,6250.0
2024-06-13,CRICKET_JERSEY_INDIA,1200,21,National,1260.0
2024-06-14,PRO_RUN_SHOES,2500,49,National,6125.0
2024-06-14,CRICKET_JERSEY_INDIA,1200,22,National,1320.0
2024-06-15,PRO_RUN_SHOES,2500,57,National,7125.0
2024-06-15,CRICKET_JERSEY_INDIA,1200,24,National,1440.0
2024-06-16,PRO_RUN_SHOES,2500,53,National,6625.0
2024-06-16,CRICKET_JERSEY_INDIA,1200,22,National,1320.0
2024-06-17,PRO_RUN_SHOES,2500,53,National,6625.0
2024-06-17,CRICKET_JERSEY_INDIA,1200,22,National,1320.0
2024-06-18,PRO_RUN_SHOES,2500,53,National,6625.0
2024-06-18,CRICKET_JERSEY_INDIA,1200,22,National,1320.0
2024-06-19,PRO_RUN_SHOES,2500,53,National,6625.0
2024-06-19,CRICKET_JERSEY_INDIA,1200,22,National,1320.0
2024-06-20,PRO_RUN_SHOES,2500,53,National,6625.0
2024-06-20,CRICKET_JERSEY_INDIA,1200,23,National,1380.0
2024-06-21,PRO_RUN_SHOES,2500,61,National,7625.0
2024-06-21,CRICKET_JERSEY_INDIA,1200,20,National,1200.0
2024-06-22,PRO_RUN_SHOES,2500,56,National,7000.0
2024-06-22,CRICKET_JERSEY_INDIA,1200,20,National,1200.0
2024-06-23,PRO_RUN_SHOES,2500,57,National,7125.0
2024-06-23,CRICKET_JERSEY_INDIA,1200,21,National,1260.0
2024-06-24,PRO_RUN_SHOES,2500,58,National,7250.0
2024-06-24,CRICKET_JERSEY_INDIA,1200,21,National,1260.0
2024-06-25,PRO_RUN_SHOES,2500,56,National,7000.0
2024-06-25,CRICKET_JERSEY_INDIA,1200,23,National,1380.0
2024-06-26,PRO_RUN_SHOES,2500,52,National,6500.0
2024-06-26,CRICKET_JERSEY_INDIA,1200,21,National,1260.0
2024-06-27,PRO_RUN_SHOES,2500,54,National,6750.0
2024-06-27,CRICKET_JERSEY_INDIA,1200,20,National,1200.0
2024-06-28,PRO_RUN_SHOES,2500,53,National,6625.0
2024-06-28,CRICKET_JERSEY_INDIA,1200,22,National,1320.0
2024-06-29,PRO_RUN_SHOES,2500,54,National,6750.0
2024-06-29,CRICKET_JERSEY_INDIA,1200,23,National,1380.0
2024-06-30,PRO_RUN_SHOES,2500,56,National,7000.0
2024-06-30,CRICKET_JERSEY_INDIA,1200,25,National,1500.0
2024-07-01,PRO_RUN_SHOES,2500,53,National,6625.0
2024-07-01,CRICKET_JERSEY_INDIA,1200,21,National,1260.0
2024-07-02,PRO_RUN_SHOES,2500,51,National,6375.0
2024-07-02,CRICKET_JERSEY_INDIA,1200,21,National,1260.0
2024-07-03,PRO_RUN_SHOES,2500,54,National,6750.0
2024-07-03,CRICKET_JERSEY_INDIA,1200,23,National,1380.0
2024-07-04,PRO_RUN_SHOES,2500,52,National,6500.0
2024-07-04,CRICKET_JERSEY_INDIA,1200,21,National,1260.0
2024-07-05,PRO_RUN_SHOES,2500,51,National,6375.0
2024-07-05,CRICKET_JERSEY_INDIA,1200,21,National,1260.0
2024-07-06,PRO_RUN_SHOES,2500,53,National,6625.0
2024-07-06,CRICKET_JERSEY_INDIA,1200,20,National,1200.0
2024-07-07,PRO_RUN_SHOES,2500,52,National,6500.0
2024-07-07,CRICKET_JERSEY_INDIA,1200,23,National,1380.0
2024-07-08,PRO_RUN_SHOES,2500,53,National,6625.0
2024-07-08,CRICKET_JERSEY_INDIA,1200,20,National,1200.0
2024-07-09,PRO_RUN_SHOES,2500,55,National,6875.0
2024-07-09,CRICKET_JERSEY_INDIA,1200,21,National,1260.0
2024-07-10,PRO_RUN_SHOES,2500,61,National,7625.0
2024-07-10,CRICKET_JERSEY_INDIA,1200,21,National,1260.0
2024-07-11,PRO_RUN_SHOES,2500,56,National,7000.0
2024-07-11,CRICKET_JERSEY_INDIA,1200,21,National,1260.0
2024-07-12,PRO_RUN_SHOES,2500,53,National,6625.0
2024-07-12,CRICKET_JERSEY_INDIA,1200,22,National,1320.0
2024-07-13,PRO_RUN_SHOES,2500,58,National,7250.0
2024-07-13,CRICKET_JERSEY_INDIA,1200,25,National,1500.0
2024-07-14,PRO_RUN_SHOES,2500,59,National,7375.0
2024-07-14,CRICKET_JERSEY_INDIA,1200,22,National,1320.0
2024-07-15,PRO_RUN_SHOES,2500,48,National,6000.0
2024-07-15,CRICKET_JERSEY_INDIA,1200,24,National,1440.0
2024-07-16,PRO_RUN_SHOES,2500,53,National,6625.0
2024-07-16,CRICKET_JERSEY_INDIA,1200,21,National,1260.0
2024-07-17,PRO_RUN_SHOES,2500,55,National,6875.0
2024-07-17,CRICKET_JERSEY_INDIA,1200,21,National,1260.0
2024-07-18,PRO_RUN_SHOES,2500,53,National,6625.0
2024-07-18,CRICKET_JERSEY_INDIA,1200,19,National,1140.0
2024-07-19,PRO_RUN_SHOES,2500,57,National,7125.0
2024-07-19,CRICKET_JERSEY_INDIA,1200,21,National,1260.0
2024-07-20,PRO_RUN_SHOES,2500,61,National,7625.0
2024-07-20,CRICKET_JERSEY_INDIA,1200,21,National,1260.0
2024-07-21,PRO_RUN_SHOES,2500,55,National,6875.0
2024-07-21,CRICKET_JERSEY_INDIA,1200,22,National,1320.0
2024-07-22,PRO_RUN_SHOES,2500,57,National,7125.0
2024-07-22,CRICKET_JERSEY_INDIA,1200,22,National,1320.0
2024-07-23,PRO_RUN_SHOES,2500,50,National,6250.0
2024-07-23,CRICKET_JERSEY_INDIA,1200,22,National,1320.0
2024-07-24,PRO_RUN_SHOES,2500,58,National,7250.0
2024-07-24,CRICKET_JERSEY_INDIA,1200,21,National,1260.0
2024-07-25,PRO_RUN_SHOES,2500,57,National,7125.0
2024-07-25,CRICKET_JERSEY_INDIA,1200,20,National,1200.0
2024-07-26,PRO_RUN_SHOES,2500,59,National,7375.0
2024-07-26,CRICKET_JERSEY_INDIA,1200,23,National,1380.0
2024-07-27,PRO_RUN_SHOES,2500,50,National,6250.0
2024-07-27,CRICKET_JERSEY_INDIA,1200,21,National,1260.0
2024-07-28,PRO_RUN_SHOES,2500,53,National,6625.0
2024-07-28,CRICKET_JERSEY_INDIA,1200,21,National,1260.0
2024-07-29,PRO_RUN_SHOES,2500,51,National,6375.0
2024-07-29,CRICKET_JERSEY_INDIA,1200,23,National,1380.0
2024-07-30,PRO_RUN_SHOES,2500,53,National,6625.0
2024-07-30,CRICKET_JERSEY_INDIA,1200,22,National,1320.0
2024-07-31,PRO_RUN_SHOES,2500,55,National,6875.0
2024-07-31,CRICKET_JERSEY_INDIA,1200,21,National,1260.0
2024-08-01,PRO_RUN_SHOES,2500,51,National,6375.0
2024-08-01,CRICKET_JERSEY_INDIA,1200,20,National,1200.0
2024-08-02,PRO_RUN_SHOES,2500,50,National,6250.0
2024-08-02,CRICKET_JERSEY_INDIA,1200,21,National,1260.0
2024-08-03,PRO_RUN_SHOES,2500,58,National,7250.0
2024-08-03,CRICKET_JERSEY_INDIA,1200,20,National,1200.0
2024-08-04,PRO_RUN_SHOES,2500,58,National,7250.0
2024-08-04,CRICKET_JERSEY_INDIA,1200,21,National,1260.0
2024-08-05,PRO_RUN_SHOES,2500,53,National,6625.0
2024-08-05,CRICKET_JERSEY_INDIA,1200,22,National,1320.0
2024-08-06,PRO_RUN_SHOES,2500,54,National,6750.0
2024-08-06,CRICKET_JERSEY_INDIA,1200,22,National,1320.0
2024-08-07,PRO_RUN_SHOES,2500,56,National,7000.0
2024-08-07,CRICKET_JERSEY_INDIA,1200,21,National,1260.0
2024-08-08,PRO_RUN_SHOES,2500,54,National,6750.0
2024-08-08,CRICKET_JERSEY_INDIA,1200,21,National,1260.0
2024-08-09,PRO_RUN_SHOES,2500,52,National,6500.0
2024-08-09,CRICKET_JERSEY_INDIA,1200,22,National,1320.0
2024-08-10,PRO_RUN_SHOES,2500,58,National,7250.0
2024-08-10,CRICKET_JERSEY_INDIA,1200,22,National,1320.0
2024-08-11,PRO_RUN_SHOES,2500,59,National,7375.0
2024-08-11,CRICKET_JERSEY_INDIA,1200,22,National,1320.0
2024-08-12,PRO_RUN_SHOES,2500,55,National,6875.0
2024-08-12,CRICKET_JERSEY_INDIA,1200,23,National,1380.0
2024-08-13,PRO_RUN_SHOES,2500,53,National,6625.0
2024-08-13,CRICKET_JERSEY_INDIA,1200,22,National,1320.0
2024-08-14,PRO_RUN_SHOES,2500,53,National,6625.0
2024-08-14,CRICKET_JERSEY_INDIA,1200,22,National,1320.0
2024-08-15,PRO_RUN_SHOES,2500,58,National,7250.0
2024-08-15,CRICKET_JERSEY_INDIA,1200,22,National,1320.0
2024-08-16,PRO_RUN_SHOES,2500,56,National,7000.0
2024-08-16,CRICKET_JERSEY_INDIA,1200,24,National,1440.0
2024-08-17,PRO_RUN_SHOES,2500,52,National,6500.0
2024-08-17,CRICKET_JERSEY_INDIA,1200,20,National,1200.0
2024-08-18,PRO_RUN_SHOES,2500,56,National,7000.0
2024-08-18,CRICKET_JERSEY_INDIA,1200,22,National,1320.0
2024-08-19,PRO_RUN_SHOES,2500,58,National,7250.0
2024-08-19,CRICKET_JERSEY_INDIA,1200,24,National,1440.0
2024-08-20,PRO_RUN_SHOES,2500,52,National,6500.0
2024-08-20,CRICKET_JERSEY_INDIA,1200,21,National,1260.0
2024-08-21,PRO_RUN_SHOES,2500,50,National,6250.0
2024-08-21,CRICKET_JERSEY_INDIA,1200,21,National,1260.0
2024-08-22,PRO_RUN_SHOES,2500,56,National,7000.0
2024-08-22,CRICKET_JERSEY_INDIA,1200,21,National,1260.0
2024-08-23,PRO_RUN_SHOES,2500,55,National,6875.0
2024-08-23,CRICKET_JERSEY_INDIA,1200,22,National,1320.0
2024-08-24,PRO_RUN_SHOES,2500,56,National,7000.0
2024-08-24,CRICKET_JERSEY_INDIA,1200,22,National,1320.0
2024-08-25,PRO_RUN_SHOES,2500,55,National,6875.0
2024-08-25,CRICKET_JERSEY_INDIA,1200,21,National,1260.0
2024-08-26,PRO_RUN_SHOES,2500,56,National,7000.0
2024-08-26,CRICKET_JERSEY_INDIA,1200,23,National,1380.0
2024-08-27,PRO_RUN_SHOES,2500,56,National,7000.0
2024-08-27,CRICKET_JERSEY_INDIA,1200,20,National,1200.0
2024-08-28,PRO_RUN_SHOES,2500,51,National,6375.0
2024-08-28,CRICKET_JERSEY_INDIA,1200,22,National,1320.0
2024-08-29,PRO_RUN_SHOES,2500,56,National,7000.0
2024-08-29,CRICKET_JERSEY_INDIA,1200,21,National,1260.0
2024-08-30,PRO_RUN_SHOES,2500,57,National,7125.0
2024-08-30,CRICKET_JERSEY_INDIA,1200,21,National,1260.0
2024-08-31,PRO_RUN_SHOES,2500,59,National,7375.0
2024-08-31,CRICKET_JERSEY_INDIA,1200,20,National,1200.0
2024-09-01,PRO_RUN_SHOES,2500,56,National,7000.0
2024-09-01,CRICKET_JERSEY_INDIA,1200,22,National,1320.0
2024-09-02,PRO_RUN_SHOES,2500,57,National,7125.0
2024-09-02,CRICKET_JERSEY_INDIA,1200,20,National,1200.0
2024-09-03,PRO_RUN_SHOES,2500,53,National,6625.0
2024-09-03,CRICKET_JERSEY_INDIA,1200,21,National,1260.0
2024-09-04,PRO_RUN_SHOES,2500,55,National,6875.0
2024-09-04,CRICKET_JERSEY_INDIA,1200,23,National,1380.0
2024-09-05,PRO_RUN_SHOES,2500,52,National,6500.0
2024-09-05,CRICKET_JERSEY_INDIA,1200,21,National,1260.0
2024-09-06,PRO_RUN_SHOES,2500,49,National,6125.0
2024-09-06,CRICKET_JERSEY_INDIA,1200,19,National,1140.0
2024-09-07,PRO_RUN_SHOES,2500,58,National,7250.0
2024-09-07,CRICKET_JERSEY_INDIA,1200,22,National,1320.0
2024-09-08,PRO_RUN_SHOES,2500,54,National,6750.0
2024-09-08,CRICKET_JERSEY_INDIA,1200,21,National,1260.0
2024-09-09,PRO_RUN_SHOES,2500,51,National,6375.0
2024-09-09,CRICKET_JERSEY_INDIA,1200,23,National,1380.0
2024-09-10,PRO_RUN_SHOES,2500,49,National,6125.0
2024-09-10,CRICKET_JERSEY_INDIA,1200,21,National,1260.0
2024-09-11,PRO_RUN_SHOES,2500,54,National,6750.0
2024-09-11,CRICKET_JERSEY_INDIA,1200,21,National,1260.0
2024-09-12,PRO_RUN_SHOES,2500,52,National,6500.0
2024-09-12,CRICKET_JERSEY_INDIA,1200,21,National,1260.0
2024-09-13,PRO_RUN_SHOES,2500,52,National,6500.0
2024-09-13,CRICKET_JERSEY_INDIA,1200,20,National,1200.0
2024-09-14,PRO_RUN_SHOES,2500,52,National,6500.0
2024-09-14,CRICKET_JERSEY_INDIA,1200,21,National,1260.0
2024-09-15,PRO_RUN_SHOES,2500,53,National,6625.0
2024-09-15,CRICKET_JERSEY_INDIA,1200,23,National,1380.0
2024-09-16,PRO_RUN_SHOES,2500,55,National,6875.0
2024-09-16,CRICKET_JERSEY_INDIA,1200,21,National,1260.0
2024-09-17,PRO_RUN_SHOES,2500,54,National,6750.0
2024-09-17,CRICKET_JERSEY_INDIA,1200,23,National,1380.0
2024-09-18,PRO_RUN_SHOES,2500,50,National,6250.0
2024-09-18,CRICKET_JERSEY_INDIA,1200,21,National,1260.0
2024-09-19,PRO_RUN_SHOES,2500,57,National,7125.0
2024-09-19,CRICKET_JERSEY_INDIA,1200,20,National,1200.0
2024-09-20,PRO_RUN_SHOES,2500,57,National,7125.0
2024-09-20,CRICKET_JERSEY_INDIA,1200,23,National,1380.0
2024-09-21,PRO_RUN_SHOES,2500,58,National,7250.0
2024-09-21,CRICKET_JERSEY_INDIA,1200,20,National,1200.0
2024-09-22,PRO_RUN_SHOES,2500,53,National,6625.0
2024-09-22,CRICKET_JERSEY_INDIA,1200,22,National,1320.0
2024-09-23,PRO_RUN_SHOES,2500,58,National,7250.0
2024-09-23,CRICKET_JERSEY_INDIA,1200,24,National,1440.0
2024-09-24,PRO_RUN_SHOES,2500,54,National,6750.0
2024-09-24,CRICKET_JERSEY_INDIA,1200,21,National,1260.0
2024-09-25,PRO_RUN_SHOES,2500,57,National,7125.0
2024-09-25,CRICKET_JERSEY_INDIA,1200,20,National,1200.0
2024-09-26,PRO_RUN_SHOES,2500,94,National,11750.0
2024-09-26,CRICKET_JERSEY_INDIA,1200,39,National,2340.0
2024-09-27,PRO_RUN_SHOES,2500,105,National,13125.0
2024-09-27,CRICKET_JERSEY_INDIA,1200,40,National,2400.0
2024-09-28,PRO_RUN_SHOES,2500,97,National,12125.0
2024-09-28,CRICKET_JERSEY_INDIA,1200,38,National,2280.0
2024-09-29,PRO_RUN_SHOES,2500,101,National,12625.0
2024-09-29,CRICKET_JERSEY_INDIA,1200,42,National,2520.0
2024-09-30,PRO_RUN_SHOES,2500,95,National,11875.0
2024-09-30,CRICKET_JERSEY_INDIA,1200,41,National,2460.0
2024-10-01,PRO_RUN_SHOES,2500,88,National,11000.0
2024-10-01,CRICKET_JERSEY_INDIA,1200,41,National,2460.0
2024-10-02,PRO_RUN_SHOES,2500,93,National,11625.0
2024-10-02,CRICKET_JERSEY_INDIA,1200,41,National,2460.0
2024-10-03,PRO_RUN_SHOES,2500,98,National,12250.0
2024-10-03,CRICKET_JERSEY_INDIA,1200,42,National,2520.0
2024-10-04,PRO_RUN_SHOES,2500,107,National,13375.0
2024-10-04,CRICKET_JERSEY_INDIA,1200,38,National,2280.0
2024-10-05,PRO_RUN_SHOES,2500,100,National,12500.0
2024-10-05,CRICKET_JERSEY_INDIA,1200,35,National,2100.0
2024-10-06,PRO_RUN_SHOES,2500,88,National,11000.0
2024-10-06,CRICKET_JERSEY_INDIA,1200,38,National,2280.0
2024-10-07,PRO_RUN_SHOES,2500,104,National,13000.0
2024-10-07,CRICKET_JERSEY_INDIA,1200,42,National,2520.0
2024-10-08,PRO_RUN_SHOES,2500,101,National,12625.0
2024-10-08,CRICKET_JERSEY_INDIA,1200,40,National,2400.0
2024-10-09,PRO_RUN_SHOES,2500,85,National,10625.0
2024-10-09,CRICKET_JERSEY_INDIA,1200,40,National,2400.0
2024-10-10,PRO_RUN_SHOES,2500,97,National,12125.0
2024-10-10,CRICKET_JERSEY_INDIA,1200,40,National,2400.0
2024-10-11,PRO_RUN_SHOES,2500,93,National,11625.0
2024-10-11,CRICKET_JERSEY_INDIA,1200,37,National,2220.0
2024-10-12,PRO_RUN_SHOES,2500,90,National,11250.0
2024-10-12,CRICKET_JERSEY_INDIA,1200,41,National,2460.0
2024-10-13,PRO_RUN_SHOES,2500,107,National,13375.0
2024-10-13,CRICKET_JERSEY_INDIA,1200,43,National,2580.0
2024-10-14,PRO_RUN_SHOES,2500,101,National,12625.0
2024-10-14,CRICKET_JERSEY_INDIA,1200,39,National,2340.0
2024-10-15,PRO_RUN_SHOES,2500,104,National,13000.0
2024-10-15,CRICKET_JERSEY_INDIA,1200,37,National,2220.0
2024-10-16,PRO_RUN_SHOES,2500,98,National,12250.0
2024-10-16,CRICKET_JERSEY_INDIA,1200,40,National,2400.0
2024-10-17,PRO_RUN_SHOES,2500,97,National,12125.0
2024-10-17,CRICKET_JERSEY_INDIA,1200,39,National,2340.0
2024-10-18,PRO_RUN_SHOES,2500,107,National,13375.0
2024-10-18,CRICKET_JERSEY_INDIA,1200,41,National,2460.0
2024-10-19,PRO_RUN_SHOES,2500,106,National,13250.0
2024-10-19,CRICKET_JERSEY_INDIA,1200,41,National,2460.0
2024-10-20,PRO_RUN_SHOES,2500,101,National,12625.0
2024-10-20,CRICKET_JERSEY_INDIA,1200,39,National,2340.0
2024-10-21,PRO_RUN_SHOES,2500,92,National,11500.0
2024-10-21,CRICKET_JERSEY_INDIA,1200,38,National,2280.0
2024-10-22,PRO_RUN_SHOES,2500,92,National,11500.0
2024-10-22,CRICKET_JERSEY_INDIA,1200,39,National,2340.0
2024-10-23,PRO_RUN_SHOES,2500,94,National,11750.0
2024-10-23,CRICKET_JERSEY_INDIA,1200,34,National,2040.0
2024-10-24,PRO_RUN_SHOES,2500,101,National,12625.0
2024-10-24,CRICKET_JERSEY_INDIA,1200,39,National,2340.0
2024-10-25,PRO_RUN_SHOES,2500,101,National,12625.0
2024-10-25,CRICKET_JERSEY_INDIA,1200,40,National,2400.0
2024-10-26,PRO_RUN_SHOES,2500,98,National,12250.0
2024-10-26,CRICKET_JERSEY_INDIA,1200,41,National,2460.0
2024-10-27,PRO_RUN_SHOES,2500,96,National,12000.0
2024-10-27,CRICKET_JERSEY_INDIA,1200,40,National,2400.0
2024-10-28,PRO_RUN_SHOES,2500,91,National,11375.0
2024-10-28,CRICKET_JERSEY_INDIA,1200,35,National,2100.0
2024-10-29,PRO_RUN_SHOES,2500,99,National,12375.0
2024-10-29,CRICKET_JERSEY_INDIA,1200,41,National,2460.0
2024-10-30,PRO_RUN_SHOES,2500,97,National,12125.0
2024-10-30,CRICKET_JERSEY_INDIA,1200,36,National,2160.0
2024-10-31,PRO_RUN_SHOES,2500,94,National,11750.0
2024-10-31,CRICKET_JERSEY_INDIA,1200,41,National,2460.0
2024-11-01,PRO_RUN_SHOES,2500,100,National,12500.0
2024-11-01,CRICKET_JERSEY_INDIA,1200,37,National,2220.0
2024-11-02,PRO_RUN_SHOES,2500,96,National,12000.0
2024-11-02,CRICKET_JERSEY_INDIA,1200,41,National,2460.0
2024-11-03,PRO_RUN_SHOES,2500,98,National,12250.0
2024-11-03,CRICKET_JERSEY_INDIA,1200,39,National,2340.0
2024-11-04,PRO_RUN_SHOES,2500,97,National,12125.0
2024-11-04,CRICKET_JERSEY_INDIA,1200,38,National,2280.0
2024-11-05,PRO_RUN_SHOES,2500,103,National,12875.0
2024-11-05,CRICKET_JERSEY_INDIA,1200,40,National,2400.0
2024-11-06,PRO_RUN_SHOES,2500,94,National,11750.0
2024-11-06,CRICKET_JERSEY_INDIA,1200,38,National,2280.0
2024-11-07,PRO_RUN_SHOES,2500,100,National,12500.0
2024-11-07,CRICKET_JERSEY_INDIA,1200,37,National,2220.0
2024-11-08,PRO_RUN_SHOES,2500,91,National,11375.0
2024-11-08,CRICKET_JERSEY_INDIA,1200,34,National,2040.0
2024-11-09,PRO_RUN_SHOES,2500,92,National,11500.0
2024-11-09,CRICKET_JERSEY_INDIA,1200,42,National,2520.0
2024-11-10,PRO_RUN_SHOES,2500,94,National,11750.0
2024-11-10,CRICKET_JERSEY_INDIA,1200,40,National,2400.0
2024-11-11,PRO_RUN_SHOES,2500,94,National,11750.0
2024-11-11,CRICKET_JERSEY_INDIA,1200,37,National,2220.0
2024-11-12,PRO_RUN_SHOES,2500,97,National,12125.0
2024-11-12,CRICKET_JERSEY_INDIA,1200,39,National,2340.0
2024-11-13,PRO_RUN_SHOES,2500,89,National,11125.0
2024-11-13,CRICKET_JERSEY_INDIA,1200,38,National,2280.0
2024-11-14,PRO_RUN_SHOES,2500,96,National,12000.0
2024-11-14,CRICKET_JERSEY_INDIA,1200,41,National,2460.0
2024-11-15,PRO_RUN_SHOES,2500,104,National,13000.0
2024-11-15,CRICKET_JERSEY_INDIA,1200,40,National,2400.0
2024-11-16,PRO_RUN_SHOES,2500,55,National,6875.0
2024-11-16,CRICKET_JERSEY_INDIA,1200,23,National,1380.0
2024-11-17,PRO_RUN_SHOES,2500,50,National,6250.0
2024-11-17,CRICKET_JERSEY_INDIA,1200,21,National,1260.0
2024-11-18,PRO_RUN_SHOES,2500,51,National,6375.0
2024-11-18,CRICKET_JERSEY_INDIA,1200,23,National,1380.0
2024-11-19,PRO_RUN_SHOES,2500,55,National,6875.0
2024-11-19,CRICKET_JERSEY_INDIA,1200,22,National,1320.0
2024-11-20,PRO_RUN_SHOES,2500,50,National,6250.0
2024-11-20,CRICKET_JERSEY_INDIA,1200,22,National,1320.0
2024-11-21,PRO_RUN_SHOES,2500,56,National,7000.0
2024-11-21,CRICKET_JERSEY_INDIA,1200,21,National,1260.0
2024-11-22,PRO_RUN_SHOES,2500,57,National,7125.0
2024-11-22,CRICKET_JERSEY_INDIA,1200,23,National,1380.0
2024-11-23,PRO_RUN_SHOES,2500,52,National,6500.0
2024-11-23,CRICKET_JERSEY_INDIA,1200,23,National,1380.0
2024-11-24,PRO_RUN_SHOES,2500,59,National,7375.0
2024-11-24,CRICKET_JERSEY_INDIA,1200,22,National,1320.0
2024-11-25,PRO_RUN_SHOES,2500,52,National,6500.0
2024-11-25,CRICKET_JERSEY_INDIA,1200,22,National,1320.0
2024-11-26,PRO_RUN_SHOES,2500,55,National,6875.0
2024-11-26,CRICKET_JERSEY_INDIA,1200,23,National,1380.0
2024-11-27,PRO_RUN_SHOES,2500,51,National,6375.0
2024-11-27,CRICKET_JERSEY_INDIA,1200,23,National,1380.0
2024-11-28,PRO_RUN_SHOES,2500,56,National,7000.0
2024-11-28,CRICKET_JERSEY_INDIA,1200,22,National,1320.0
2024-11-29,PRO_RUN_SHOES,2500,61,National,7625.0
2024-11-29,CRICKET_JERSEY_INDIA,1200,23,National,1380.0
2024-11-30,PRO_RUN_SHOES,2500,57,National,7125.0
2024-11-30,CRICKET_JERSEY_INDIA,1200,22,National,1320.0
2024-12-01,PRO_RUN_SHOES,2500,54,National,6750.0
2024-12-01,CRICKET_JERSEY_INDIA,1200,23,National,1380.0
2024-12-02,PRO_RUN_SHOES,2500,52,National,6500.0
2024-12-02,CRICKET_JERSEY_INDIA,1200,22,National,1320.0
2024-12-03,PRO_RUN_SHOES,2500,50,National,6250.0
2024-12-03,CRICKET_JERSEY_INDIA,1200,23,National,1380.0
2024-12-04,PRO_RUN_SHOES,2500,50,National,6250.0
2024-12-04,CRICKET_JERSEY_INDIA,1200,21,National,1260.0
2024-12-05,PRO_RUN_SHOES,2500,52,National,6500.0
2024-12-05,CRICKET_JERSEY_INDIA,1200,20,National,1200.0
2024-12-06,PRO_RUN_SHOES,2500,55,National,6875.0
2024-12-06,CRICKET_JERSEY_INDIA,1200,21,National,1260.0
2024-12-07,PRO_RUN_SHOES,2500,57,National,7125.0
2024-12-07,CRICKET_JERSEY_INDIA,1200,21,National,1260.0
2024-12-08,PRO_RUN_SHOES,2500,54,National,6750.0
2024-12-08,CRICKET_JERSEY_INDIA,1200,23,National,1380.0
2024-12-09,PRO_RUN_SHOES,2500,58,National,7250.0
2024-12-09,CRICKET_JERSEY_INDIA,1200,22,National,1320.0
2024-12-10,PRO_RUN_SHOES,2500,57,National,7125.0
2024-12-10,CRICKET_JERSEY_INDIA,1200,22,National,1320.0
2024-12-11,PRO_RUN_SHOES,2500,54,National,6750.0
2024-12-11,CRICKET_JERSEY_INDIA,1200,25,National,1500.0
2024-12-12,PRO_RUN_SHOES,2500,52,National,6500.0
2024-12-12,CRICKET_JERSEY_INDIA,1200,22,National,1320.0
2024-12-13,PRO_RUN_SHOES,2500,57,National,7125.0
2024-12-13,CRICKET_JERSEY_INDIA,1200,22,National,1320.0
2024-12-14,PRO_RUN_SHOES,2500,56,National,7000.0
2024-12-14,CRICKET_JERSEY_INDIA,1200,20,National,1200.0
2024-12-15,PRO_RUN_SHOES,2500,58,National,7250.0
2024-12-15,CRICKET_JERSEY_INDIA,1200,20,National,1200.0
2024-12-16,PRO_RUN_SHOES,2500,57,National,7125.0
2024-12-16,CRICKET_JERSEY_INDIA,1200,21,National,1260.0
2024-12-17,PRO_RUN_SHOES,2500,49,National,6125.0
2024-12-17,CRICKET_JERSEY_INDIA,1200,20,National,1200.0
2024-12-18,PRO_RUN_SHOES,2500,51,National,6375.0
2024-12-18,CRICKET_JERSEY_INDIA,1200,21,National,1260.0
2024-12-19,PRO_RUN_SHOES,2500,49,National,6125.0
2024-12-19,CRICKET_JERSEY_INDIA,1200,23,National,1380.0
2024-12-20,PRO_RUN_SHOES,2500,57,National,7125.0
2024-12-20,CRICKET_JERSEY_INDIA,1200,22,National,1320.0
2024-12-21,PRO_RUN_SHOES,2500,54,National,6750.0
2024-12-21,CRICKET_JERSEY_INDIA,1200,21,National,1260.0
2024-12-22,PRO_RUN_SHOES,2500,53,National,6625.0
2024-12-22,CRICKET_JERSEY_INDIA,1200,23,National,1380.0
2024-12-23,PRO_RUN_SHOES,2500,56,National,7000.0
2024-12-23,CRICKET_JERSEY_INDIA,1200,22,National,1320.0
2024-12-24,PRO_RUN_SHOES,2500,55,National,6875.0
2024-12-24,CRICKET_JERSEY_INDIA,1200,23,National,1380.0
2024-12-25,PRO_RUN_SHOES,2500,58,National,7250.0
2024-12-25,CRICKET_JERSEY_INDIA,1200,21,National,1260.0
2024-12-26,PRO_RUN_SHOES,2500,53,National,6625.0
2024-12-26,CRICKET_JERSEY_INDIA,1200,21,National,1260.0
2024-12-27,PRO_RUN_SHOES,2500,58,National,7250.0
2024-12-27,CRICKET_JERSEY_INDIA,1200,22,National,1320.0
2024-12-28,PRO_RUN_SHOES,2500,57,National,7125.0
2024-12-28,CRICKET_JERSEY_INDIA,1200,22,National,1320.0
2024-12-29,PRO_RUN_SHOES,2500,52,National,6500.0
2024-12-29,CRICKET_JERSEY_INDIA,1200,23,National,1380.0
2024-12-30,PRO_RUN_SHOES,2500,58,National,7250.0
2024-12-30,CRICKET_JERSEY_INDIA,1200,23,National,1380.0
